batch_id,GRU|11,GRU|22,GRU|33,TRANSFORMER|11,TRANSFORMER|22,TRANSFORMER|33,LSTM|11,LSTM|22,LSTM|33,LOGISTIC REGRESSION|11,LOGISTIC REGRESSION|22,LOGISTIC REGRESSION|33,ADWIN|-1,DDM|-1,KSWIN|-1
0,0.92,0.92,0.92,0.92,0.92,0.92,0.92,0.92,0.92,0.92,0.92,0.92,0.92,0.92,0.92
1,0.98,0.98,0.98,0.98,0.98,0.98,0.98,0.98,0.98,0.98,0.98,0.98,0.98,0.98,0.98
2,1.0,1.0,1.0,1.0,1.0,1.0,1.0,1.0,1.0,1.0,1.0,1.0,1.0,1.0,1.0
3,0.96,0.96,0.96,0.96,0.96,0.96,0.96,0.96,0.96,0.96,0.96,0.96,0.96,0.96,0.96
4,0.96,0.96,0.96,0.96,0.96,0.96,0.96,0.96,0.96,0.96,0.96,0.96,0.96,0.96,0.96
5,0.96,0.96,0.96,0.96,0.96,0.96,0.96,0.96,0.96,0.96,0.96,0.96,0.96,0.96,0.96
6,1.0,1.0,1.0,1.0,1.0,1.0,1.0,1.0,1.0,1.0,1.0,1.0,1.0,1.0,1.0
7,0.98,0.98,0.98,0.98,0.98,0.98,0.98,0.98,0.98,0.98,0.98,0.98,0.98,0.98,0.98
8,0.92,0.92,0.92,0.92,0.92,0.92,0.92,0.92,0.92,0.92,0.92,0.92,0.92,0.92,0.92
9,0.94,0.94,0.94,0.94,0.94,0.94,0.94,0.94,0.94,0.94,0.94,0.94,0.94,0.94,0.94
10,0.94,0.94,0.94,0.94,0.94,0.94,0.94,0.94,0.94,0.94,0.94,0.94,0.94,0.94,0.94
11,0.92,0.92,0.92,0.92,0.92,0.92,0.92,0.92,0.92,0.92,0.92,0.92,0.92,0.92,0.92
12,0.98,0.98,0.98,0.98,0.98,0.98,0.98,0.98,0.98,0.98,0.98,0.98,0.98,0.98,0.98
13,0.92,0.92,0.92,0.92,0.92,0.92,0.92,0.92,0.92,0.92,0.92,0.92,0.92,0.92,0.92
14,1.0,1.0,1.0,1.0,1.0,1.0,1.0,1.0,1.0,1.0,1.0,1.0,1.0,1.0,1.0
15,0.98,0.98,0.98,0.98,0.98,0.98,0.98,0.98,0.98,0.98,0.98,0.98,0.98,0.98,0.98
16,0.92,0.92,0.92,0.92,0.92,0.92,0.92,0.92,0.92,0.92,0.92,0.92,0.92,0.92,0.92
17,0.94,0.94,0.94,0.94,0.94,0.94,0.94,0.94,0.94,0.94,0.94,0.94,0.94,0.94,0.94
18,0.96,0.96,0.96,0.96,0.96,0.96,0.96,0.96,0.96,0.96,0.96,0.96,0.96,0.96,0.96
19,0.92,0.92,0.92,0.92,0.92,0.92,0.92,0.92,0.92,0.92,0.92,0.92,0.92,0.92,0.92
20,0.92,0.92,0.92,0.92,0.92,0.92,0.92,0.92,0.92,0.92,0.92,0.92,0.92,0.92,0.92
21,0.96,0.96,0.96,0.96,0.96,0.96,0.96,0.96,0.96,0.96,0.96,0.96,0.96,0.96,0.96
22,0.98,0.98,0.98,0.98,0.98,0.98,0.98,0.98,0.98,0.98,0.98,0.98,0.98,0.98,0.98
23,0.9,0.9,0.9,0.9,0.9,0.9,0.9,0.9,0.9,0.9,0.9,0.9,0.9,0.9,0.9
24,0.92,0.92,0.92,0.92,0.92,0.92,0.92,0.92,0.92,0.92,0.92,0.92,0.92,0.92,0.92
25,0.98,0.98,0.98,0.98,0.98,0.98,0.98,0.98,0.98,0.98,0.98,0.98,0.98,0.98,0.98
26,0.96,0.96,0.96,0.96,0.96,0.96,0.96,0.96,0.96,0.96,0.96,0.96,0.96,0.96,0.96
27,0.92,0.92,0.92,0.92,0.92,0.92,0.92,0.92,0.92,0.92,0.92,0.92,0.92,0.92,0.92
28,0.96,0.96,0.96,0.96,0.96,0.96,0.96,0.96,0.96,0.96,0.96,0.96,0.96,0.96,0.96
29,0.92,0.92,0.92,0.92,0.92,0.92,0.92,0.92,0.92,0.92,0.92,0.92,0.92,0.92,0.92
30,0.94,0.94,0.94,0.94,0.94,0.94,0.94,0.94,0.94,0.94,0.94,0.94,0.94,0.94,0.94
31,0.96,0.96,0.96,0.96,0.96,0.96,0.96,0.96,0.96,0.96,0.96,0.96,0.96,0.96,0.96
32,0.92,0.92,0.92,0.92,0.92,0.92,0.92,0.92,0.92,0.92,0.92,0.92,0.92,0.92,0.92
33,0.96,0.96,0.96,0.96,0.96,0.96,0.96,0.96,0.96,0.96,0.96,0.96,0.96,0.96,0.96
34,0.9,0.9,0.9,0.9,0.9,0.9,0.9,0.9,0.9,0.9,0.9,0.9,0.9,0.9,0.9
35,0.98,0.98,0.98,0.98,0.98,0.98,0.98,0.98,0.98,0.98,0.98,0.98,0.98,0.98,0.98
36,0.96,0.96,0.96,0.96,0.96,0.96,0.96,0.96,0.96,0.96,0.96,0.96,0.96,0.96,0.96
37,0.92,0.92,0.92,0.92,0.92,0.92,0.92,0.92,0.92,0.92,0.92,0.92,0.92,0.92,0.92
38,0.88,0.88,0.88,0.88,0.88,0.88,0.88,0.88,0.88,0.88,0.88,0.88,0.88,0.88,0.88
39,0.94,0.94,0.94,0.94,0.94,0.94,0.94,0.94,0.94,0.94,0.94,0.94,0.94,0.94,0.94
40,0.98,0.98,0.98,0.98,0.98,0.98,0.98,0.98,0.98,0.98,0.98,0.98,0.98,0.98,0.98
41,0.94,0.94,0.94,0.94,0.94,0.94,0.94,0.94,0.94,0.94,0.94,0.94,0.94,0.94,0.94
42,0.86,0.86,0.86,0.86,0.86,0.86,0.86,0.86,0.86,0.86,0.86,0.86,0.86,0.86,0.86
43,0.96,0.96,0.96,0.96,0.96,0.96,0.96,0.96,0.96,0.96,0.96,0.96,0.96,0.96,0.96
44,0.92,0.92,0.92,0.92,0.92,0.92,0.92,0.92,0.92,0.92,0.92,0.92,0.92,0.92,0.92
45,0.9,0.9,0.9,0.9,0.9,0.9,0.9,0.9,0.9,0.9,0.9,0.9,0.9,0.9,0.9
46,0.88,0.88,0.88,0.88,0.88,0.88,0.88,0.88,0.88,0.88,0.88,0.88,0.88,0.88,0.88
47,0.92,0.92,0.92,0.92,0.92,0.92,0.92,0.92,0.92,0.92,0.92,0.92,0.92,0.92,0.92
48,0.96,0.96,0.96,0.96,0.96,0.96,0.96,0.96,0.96,0.96,0.96,0.96,0.96,0.96,0.96
49,0.92,0.92,0.92,0.92,0.92,0.92,0.92,0.92,0.92,0.92,0.92,0.92,0.92,0.92,0.92
50,0.96,0.96,0.96,0.96,0.96,0.96,0.96,0.96,0.96,0.96,0.96,0.96,0.96,0.96,0.96
51,0.94,0.94,0.94,0.94,0.94,0.94,0.94,0.94,0.94,0.94,0.94,0.94,0.94,0.94,0.94
52,0.94,0.94,0.94,0.94,0.94,0.94,0.94,0.94,0.94,0.94,0.94,0.94,0.94,0.94,0.94
53,0.84,0.84,0.84,0.84,0.84,0.84,0.84,0.84,0.84,0.84,0.84,0.84,0.84,0.84,0.84
54,0.98,0.98,0.98,0.98,0.98,0.98,0.98,0.98,0.98,0.98,0.98,0.98,0.98,0.98,0.98
55,0.96,0.96,0.96,0.96,0.96,0.96,0.96,0.96,0.96,0.96,0.96,0.96,0.96,0.96,0.96
56,0.96,0.96,0.96,0.96,0.96,0.96,0.96,0.96,0.96,0.96,0.96,0.96,0.96,0.96,0.96
57,0.98,0.98,0.98,0.98,0.98,0.98,0.98,0.98,0.98,0.98,0.98,0.98,0.98,0.98,0.98
58,0.98,0.98,0.98,0.98,0.98,0.98,0.98,0.98,0.98,0.98,0.98,0.98,0.98,0.98,0.98
59,0.98,0.98,0.98,0.98,0.98,0.98,0.98,0.98,0.98,0.98,0.98,0.98,0.98,0.98,0.98
60,0.94,0.94,0.94,0.94,0.94,0.94,0.94,0.94,0.94,0.94,0.94,0.94,0.94,0.94,0.94
61,0.94,0.94,0.94,0.94,0.94,0.94,0.94,0.94,0.94,0.94,0.94,0.94,0.94,0.94,0.94
62,0.86,0.86,0.86,0.86,0.86,0.86,0.86,0.86,0.86,0.86,0.86,0.86,0.86,0.86,0.86
63,0.94,0.94,0.94,0.94,0.94,0.94,0.94,0.94,0.94,0.94,0.94,0.94,0.94,0.94,0.94
64,0.94,0.94,0.94,0.94,0.94,0.94,0.94,0.94,0.94,0.94,0.94,0.94,0.94,0.94,0.94
65,0.94,0.94,0.94,0.94,0.94,0.94,0.94,0.94,0.94,0.94,0.94,0.94,0.94,0.94,0.94
66,0.92,0.92,0.92,0.92,0.92,0.92,0.92,0.92,0.92,0.92,0.92,0.92,0.92,0.92,0.92
67,0.92,0.92,0.92,0.92,0.92,0.92,0.92,0.92,0.92,0.92,0.92,0.92,0.92,0.92,0.92
68,0.98,0.98,0.98,0.98,0.98,0.98,0.98,0.98,0.98,0.98,0.98,0.98,0.98,0.98,0.98
69,0.86,0.86,0.86,0.86,0.86,0.86,0.86,0.86,0.86,0.86,0.86,0.86,0.86,0.86,0.86
70,0.92,0.92,0.92,0.92,0.92,0.92,0.92,0.92,0.92,0.92,0.92,0.92,0.92,0.92,0.92
71,0.92,0.92,0.92,0.92,0.92,0.92,0.92,0.92,0.92,0.92,0.92,0.92,0.92,0.92,0.92
72,0.88,0.88,0.88,0.88,0.88,0.88,0.88,0.88,0.88,0.88,0.88,0.88,0.88,0.88,0.88
73,0.88,0.88,0.88,0.88,0.88,0.88,0.88,0.88,0.88,0.88,0.88,0.88,0.88,0.88,0.88
74,0.96,0.96,0.96,0.96,0.96,0.96,0.96,0.96,0.96,0.96,0.96,0.96,0.96,0.96,0.96
75,0.94,0.94,0.94,0.94,0.94,0.94,0.94,0.94,0.94,0.94,0.94,0.94,0.94,0.94,0.94
76,0.9,0.9,0.9,0.9,0.9,0.9,0.9,0.9,0.9,0.9,0.9,0.9,0.9,0.9,0.9
77,0.84,0.84,0.84,0.84,0.84,0.84,0.84,0.84,0.84,0.84,0.84,0.84,0.84,0.84,0.84
78,0.94,0.94,0.94,0.94,0.94,0.94,0.94,0.94,0.94,0.94,0.94,0.94,0.94,0.94,0.94
79,0.84,0.84,0.84,0.84,0.84,0.84,0.84,0.84,0.84,0.84,0.84,0.84,0.84,0.84,0.84
80,0.94,0.94,0.94,0.94,0.94,0.94,0.94,0.94,0.94,0.94,0.94,0.94,0.94,0.94,0.94
81,0.92,0.92,0.92,0.92,0.92,0.92,0.92,0.92,0.92,0.92,0.92,0.92,0.92,0.92,0.92
82,0.86,0.86,0.86,0.86,0.86,0.86,0.86,0.86,0.86,0.86,0.86,0.86,0.86,0.86,0.86
83,0.96,0.96,0.96,0.96,0.96,0.96,0.96,0.96,0.96,0.96,0.96,0.96,0.96,0.96,0.96
84,0.9,0.9,0.9,0.9,0.9,0.9,0.9,0.9,0.9,0.9,0.9,0.9,0.9,0.9,0.9
85,0.96,0.96,0.96,0.96,0.96,0.96,0.96,0.96,0.96,0.96,0.96,0.96,0.96,0.96,0.96
86,0.92,0.92,0.92,0.92,0.92,0.92,0.92,0.92,0.92,0.92,0.92,0.92,0.92,0.92,0.92
87,0.94,0.94,0.94,0.94,0.94,0.94,0.94,0.94,0.94,0.94,0.94,0.94,0.94,0.94,0.94
88,1.0,1.0,1.0,1.0,1.0,1.0,1.0,1.0,1.0,1.0,1.0,1.0,1.0,1.0,1.0
89,0.86,0.86,0.86,0.86,0.86,0.86,0.86,0.86,0.86,0.86,0.86,0.86,0.86,0.86,0.86
90,0.9,0.9,0.9,0.9,0.9,0.9,0.9,0.9,0.9,0.9,0.9,0.9,0.9,0.9,0.9
91,0.98,0.98,0.98,0.98,0.98,0.98,0.98,0.98,0.98,0.98,0.98,0.98,0.98,0.98,0.98
92,0.94,0.94,0.94,0.94,0.94,0.94,0.94,0.94,0.94,0.94,0.94,0.94,0.94,0.94,0.94
93,0.94,0.94,0.94,0.94,0.94,0.94,0.94,0.94,0.94,0.94,0.94,0.94,0.94,0.94,0.94
94,0.94,0.94,0.94,0.94,0.94,0.94,0.94,0.94,0.94,0.94,0.94,0.94,0.94,0.94,0.94
95,0.96,0.96,0.96,0.96,0.96,0.96,0.96,0.96,0.96,0.96,0.96,0.96,0.96,0.96,0.96
96,0.96,0.96,0.96,0.96,0.96,0.96,0.96,0.96,0.96,0.96,0.96,0.96,0.96,0.96,0.96
97,0.94,0.94,0.94,0.94,0.94,0.94,0.94,0.94,0.94,0.94,0.94,0.94,0.94,0.94,0.94
98,0.96,0.96,0.96,0.96,0.96,0.96,0.96,0.96,0.96,0.96,0.96,0.96,0.96,0.96,0.96
99,0.96,0.96,0.96,0.96,0.96,0.96,0.96,0.96,0.96,0.96,0.96,0.96,0.96,0.96,0.96
100,0.94,0.94,0.94,0.94,0.94,0.94,0.94,0.94,0.94,0.94,0.94,0.94,0.94,0.94,0.94
101,0.96,0.96,0.96,0.96,0.96,0.96,0.96,0.96,0.96,0.96,0.96,0.96,0.96,0.96,0.96
102,0.98,0.98,0.98,0.98,0.98,0.98,0.98,0.98,0.98,0.98,0.98,0.98,0.98,0.98,0.98
103,0.96,0.96,0.96,0.96,0.96,0.96,0.96,0.96,0.96,0.96,0.96,0.96,0.96,0.96,0.96
104,0.98,0.98,0.98,0.98,0.98,0.98,0.98,0.98,0.98,0.98,0.98,0.98,0.98,0.98,0.98
105,0.94,0.94,0.94,0.94,0.94,0.94,0.94,0.94,0.94,0.94,0.94,0.94,0.94,0.94,0.94
106,0.96,0.96,0.96,0.96,0.96,0.96,0.96,0.96,0.96,0.96,0.96,0.96,0.96,0.96,0.96
107,0.98,0.98,0.98,0.98,0.98,0.98,0.98,0.98,0.98,0.98,0.98,0.98,0.98,0.98,0.98
108,1.0,1.0,1.0,1.0,1.0,1.0,1.0,1.0,1.0,1.0,1.0,1.0,1.0,1.0,1.0
109,1.0,1.0,1.0,1.0,1.0,1.0,1.0,1.0,1.0,1.0,1.0,1.0,1.0,1.0,1.0
110,0.98,0.98,0.98,0.98,0.98,0.98,0.98,0.98,0.98,0.98,0.98,0.98,0.98,0.98,0.98
111,1.0,1.0,1.0,1.0,1.0,1.0,1.0,1.0,1.0,1.0,1.0,1.0,1.0,1.0,1.0
112,0.98,0.98,0.98,0.98,0.98,0.98,0.98,0.98,0.98,0.98,0.98,0.98,0.98,0.98,0.98
113,0.92,0.92,0.92,0.92,0.92,0.92,0.92,0.92,0.92,0.92,0.92,0.92,0.92,0.92,0.92
114,0.86,0.86,0.86,0.86,0.86,0.86,0.86,0.86,0.86,0.86,0.86,0.86,0.86,0.86,0.86
115,0.8,0.8,0.8,0.8,0.8,0.8,0.8,0.8,0.8,0.8,0.8,0.8,0.8,0.8,0.8
116,0.82,0.82,0.82,0.82,0.82,0.82,0.82,0.82,0.82,0.82,0.82,0.82,0.82,0.82,0.82
117,0.82,0.82,0.82,0.82,0.82,0.82,0.82,0.82,0.82,0.82,0.82,0.82,0.82,0.82,0.82
118,0.82,0.82,0.82,0.82,0.82,0.82,0.82,0.82,0.82,0.82,0.82,0.82,0.82,0.82,0.82
119,0.88,0.88,0.88,0.88,0.88,0.88,0.88,0.88,0.88,0.88,0.88,0.88,0.88,0.88,0.88
120,0.74,0.74,0.74,0.74,0.74,0.74,0.74,0.74,0.74,0.74,0.74,0.74,0.74,0.74,0.74
121,0.84,0.84,0.84,0.84,0.84,0.84,0.84,0.84,0.84,0.84,0.84,0.84,0.84,0.84,0.84
122,0.86,0.86,0.86,0.86,0.86,0.86,0.86,0.86,0.86,0.86,0.86,0.86,0.86,0.86,0.86
123,0.88,0.88,0.88,0.88,0.88,0.88,0.88,0.88,0.88,0.88,0.88,0.88,0.88,0.88,0.88
124,0.82,0.82,0.82,0.82,0.82,0.82,0.82,0.82,0.82,0.82,0.82,0.82,0.82,0.82,0.82
125,0.82,0.82,0.82,0.82,0.82,0.82,0.82,0.82,0.82,0.82,0.82,0.82,0.82,0.82,0.82
126,0.84,0.84,0.84,0.84,0.84,0.84,0.84,0.84,0.84,0.84,0.84,0.84,0.84,0.84,0.84
127,0.86,0.86,0.86,0.86,0.86,0.86,0.86,0.86,0.86,0.86,0.86,0.86,0.86,0.86,0.86
128,0.84,0.84,0.84,0.84,0.84,0.84,0.84,0.84,0.84,0.84,0.84,0.84,0.84,0.84,0.84
129,0.9,0.9,0.9,0.9,0.9,0.9,0.9,0.9,0.9,0.9,0.9,0.9,0.9,0.9,0.9
130,0.9,0.9,0.9,0.9,0.9,0.9,0.9,0.9,0.9,0.9,0.9,0.9,0.9,0.9,0.9
131,0.92,0.92,0.92,0.92,0.92,0.92,0.92,0.92,0.92,0.92,0.92,0.92,0.92,0.92,0.92
132,0.96,0.96,0.96,0.96,0.96,0.96,0.96,0.96,0.96,0.96,0.96,0.96,0.96,0.96,0.96
133,0.98,0.98,0.98,0.98,0.98,0.98,0.98,0.98,0.98,0.98,0.98,0.98,0.98,0.98,0.98
134,0.94,0.94,0.94,0.94,0.94,0.94,0.94,0.94,0.94,0.94,0.94,0.94,0.94,0.94,0.94
135,0.84,0.84,0.84,0.84,0.84,0.84,0.84,0.84,0.84,0.84,0.84,0.84,0.84,0.84,0.84
136,0.86,0.86,0.86,0.86,0.86,0.86,0.86,0.86,0.86,0.86,0.86,0.86,0.86,0.86,0.86
137,0.94,0.94,0.94,0.94,0.94,0.94,0.94,0.94,0.94,0.94,0.94,0.94,0.94,0.94,0.94
138,0.88,0.88,0.88,0.88,0.88,0.88,0.88,0.88,0.88,0.88,0.88,0.88,0.88,0.88,0.88
139,0.96,0.96,0.96,0.96,0.96,0.96,0.96,0.96,0.96,0.96,0.96,0.96,0.96,0.96,0.96
140,0.82,0.82,0.82,0.82,0.82,0.82,0.82,0.82,0.82,0.82,0.82,0.82,0.82,0.82,0.82
141,0.96,0.96,0.96,0.96,0.96,0.96,0.96,0.96,0.96,0.96,0.96,0.96,0.96,0.96,0.96
142,0.96,0.96,0.96,0.96,0.96,0.96,0.96,0.96,0.96,0.96,0.96,0.96,0.96,0.96,0.96
143,0.9,0.9,0.9,0.9,0.9,0.9,0.9,0.9,0.9,0.9,0.9,0.9,0.9,0.9,0.9
144,0.92,0.92,0.92,0.92,0.92,0.92,0.92,0.92,0.92,0.92,0.92,0.92,0.92,0.92,0.92
145,0.96,0.96,0.96,0.96,0.96,0.96,0.96,0.96,0.96,0.96,0.96,0.96,0.96,0.96,0.96
146,0.92,0.92,0.92,0.92,0.92,0.92,0.92,0.92,0.92,0.92,0.92,0.92,0.92,0.92,0.92
147,0.96,0.96,0.96,0.96,0.96,0.96,0.96,0.96,0.96,0.96,0.96,0.96,0.96,0.96,0.96
148,0.94,0.94,0.94,0.94,0.94,0.94,0.94,0.94,0.94,0.94,0.94,0.94,0.94,0.94,0.94
149,0.84,0.84,0.84,0.84,0.84,0.84,0.84,0.84,0.84,0.84,0.84,0.84,0.84,0.84,0.84
150,0.86,0.86,0.86,0.86,0.86,0.86,0.86,0.86,0.86,0.86,0.86,0.86,0.86,0.86,0.86
151,0.9,0.9,0.9,0.9,0.9,0.9,0.9,0.9,0.9,0.9,0.9,0.9,0.9,0.9,0.9
152,0.94,0.94,0.94,0.94,0.94,0.94,0.94,0.94,0.94,0.94,0.94,0.94,0.94,0.94,0.94
153,0.98,0.98,0.98,0.98,0.98,0.98,0.98,0.98,0.98,0.98,0.98,0.98,0.98,0.98,0.98
154,0.94,0.94,0.94,0.94,0.94,0.94,0.94,0.94,0.94,0.94,0.94,0.94,0.94,0.94,0.94
155,0.88,0.88,0.88,0.88,0.88,0.88,0.88,0.88,0.88,0.88,0.88,0.88,0.88,0.88,0.88
156,0.94,0.94,0.94,0.94,0.94,0.94,0.94,0.94,0.94,0.94,0.94,0.94,0.94,0.94,0.94
157,0.94,0.94,0.94,0.94,0.94,0.94,0.94,0.94,0.94,0.94,0.94,0.94,0.94,0.94,0.94
158,0.94,0.94,0.94,0.94,0.94,0.94,0.94,0.94,0.94,0.94,0.94,0.94,0.94,0.94,0.94
159,0.98,0.98,0.98,0.98,0.98,0.98,0.98,0.98,0.98,0.98,0.98,0.98,0.98,0.98,0.98
160,0.88,0.88,0.88,0.88,0.88,0.88,0.88,0.88,0.88,0.88,0.88,0.88,0.88,0.88,0.88
161,1.0,1.0,1.0,1.0,1.0,1.0,1.0,1.0,1.0,1.0,1.0,1.0,1.0,1.0,1.0
162,0.96,0.96,0.96,0.96,0.96,0.96,0.96,0.96,0.96,0.96,0.96,0.96,0.96,0.96,0.96
163,0.96,0.96,0.96,0.96,0.96,0.96,0.96,0.96,0.96,0.96,0.96,0.96,0.96,0.96,0.96
164,0.92,0.92,0.92,0.92,0.92,0.92,0.92,0.92,0.92,0.92,0.92,0.92,0.92,0.92,0.92
165,0.98,0.98,0.98,0.98,0.98,0.98,0.98,0.98,0.98,0.98,0.98,0.98,0.98,0.98,0.98
166,0.98,0.98,0.98,0.98,0.98,0.98,0.98,0.98,0.98,0.98,0.98,0.98,0.98,0.98,0.98
167,0.9,0.9,0.9,0.9,0.9,0.9,0.9,0.9,0.9,0.9,0.9,0.9,0.9,0.9,0.9
168,0.88,0.88,0.88,0.88,0.88,0.88,0.88,0.88,0.88,0.88,0.88,0.88,0.88,0.88,0.88
169,0.9,0.9,0.9,0.9,0.9,0.9,0.9,0.9,0.9,0.9,0.9,0.9,0.9,0.9,0.9
170,0.94,0.94,0.94,0.94,0.94,0.94,0.94,0.94,0.94,0.94,0.94,0.94,0.94,0.94,0.94
171,0.96,0.96,0.96,0.96,0.96,0.96,0.96,0.96,0.96,0.96,0.96,0.96,0.96,0.96,0.96
172,0.96,0.96,0.96,0.96,0.96,0.96,0.96,0.96,0.96,0.96,0.96,0.96,0.96,0.96,0.96
173,0.94,0.94,0.94,0.94,0.94,0.94,0.94,0.94,0.94,0.94,0.94,0.94,0.94,0.94,0.94
174,0.92,0.92,0.92,0.92,0.92,0.92,0.92,0.92,0.92,0.92,0.92,0.92,0.92,0.92,0.92
175,0.92,0.92,0.92,0.92,0.92,0.92,0.92,0.92,0.92,0.92,0.92,0.92,0.92,0.92,0.92
176,1.0,1.0,1.0,1.0,1.0,1.0,1.0,1.0,1.0,1.0,1.0,1.0,1.0,1.0,1.0
177,0.84,0.84,0.84,0.84,0.84,0.84,0.84,0.84,0.84,0.84,0.84,0.84,0.84,0.84,0.84
178,0.94,0.94,0.94,0.94,0.94,0.94,0.94,0.94,0.94,0.94,0.94,0.94,0.94,0.94,0.94
179,0.96,0.96,0.96,0.96,0.96,0.96,0.96,0.96,0.96,0.96,0.96,0.96,0.96,0.96,0.96
180,0.92,0.92,0.92,0.92,0.92,0.92,0.92,0.92,0.92,0.92,0.92,0.92,0.92,0.92,0.92
181,0.86,0.86,0.86,0.86,0.86,0.86,0.86,0.86,0.86,0.86,0.86,0.86,0.86,0.86,0.86
182,0.92,0.92,0.92,0.92,0.92,0.92,0.92,0.92,0.92,0.92,0.92,0.92,0.92,0.92,0.92
183,0.92,0.92,0.92,0.92,0.92,0.92,0.92,0.92,0.92,0.92,0.92,0.92,0.92,0.92,0.92
184,0.9,0.9,0.9,0.9,0.9,0.9,0.9,0.9,0.9,0.9,0.9,0.9,0.9,0.9,0.9
185,0.94,0.94,0.94,0.94,0.94,0.94,0.94,0.94,0.94,0.94,0.94,0.94,0.94,0.94,0.94
186,0.86,0.86,0.86,0.86,0.86,0.86,0.86,0.86,0.86,0.86,0.86,0.86,0.86,0.86,0.86
187,0.98,0.98,0.98,0.98,0.98,0.98,0.98,0.98,0.98,0.98,0.98,0.98,0.98,0.98,0.98
188,0.88,0.88,0.88,0.88,0.88,0.88,0.88,0.88,0.88,0.88,0.88,0.88,0.88,0.88,0.88
189,0.92,0.92,0.92,0.92,0.92,0.92,0.92,0.92,0.92,0.92,0.92,0.92,0.92,0.92,0.92
190,0.94,0.94,0.94,0.94,0.94,0.94,0.94,0.94,0.94,0.94,0.94,0.94,0.94,0.94,0.94
191,0.94,0.94,0.94,0.94,0.94,0.94,0.94,0.94,0.94,0.94,0.94,0.94,0.94,0.94,0.94
192,0.94,0.94,0.94,0.94,0.94,0.94,0.94,0.94,0.94,0.94,0.94,0.94,0.94,0.94,0.94
193,0.9,0.9,0.9,0.9,0.9,0.9,0.9,0.9,0.9,0.9,0.9,0.9,0.9,0.9,0.9
194,0.86,0.86,0.86,0.86,0.86,0.86,0.86,0.86,0.86,0.86,0.86,0.86,0.86,0.86,0.86
195,0.94,0.94,0.94,0.94,0.94,0.94,0.94,0.94,0.94,0.94,0.94,0.94,0.94,0.94,0.94
196,0.94,0.94,0.94,0.94,0.94,0.94,0.94,0.94,0.94,0.94,0.94,0.94,0.94,0.94,0.94
197,0.94,0.94,0.94,0.94,0.94,0.94,0.94,0.94,0.94,0.94,0.94,0.94,0.94,0.94,0.94
198,0.9,0.9,0.9,0.9,0.9,0.9,0.9,0.9,0.9,0.9,0.9,0.9,0.9,0.9,0.9
199,0.94,0.94,0.94,0.94,0.94,0.94,0.94,0.94,0.94,0.94,0.94,0.94,0.94,0.94,0.94
200,0.92,0.92,0.92,0.92,0.92,0.92,0.92,0.92,0.92,0.92,0.92,0.92,0.92,0.92,0.92
201,0.96,0.96,0.96,0.96,0.96,0.96,0.96,0.96,0.96,0.96,0.96,0.96,0.96,0.96,0.96
202,0.92,0.92,0.92,0.92,0.92,0.92,0.92,0.92,0.92,0.92,0.92,0.92,0.92,0.92,0.92
203,0.92,0.92,0.92,0.92,0.92,0.92,0.92,0.92,0.92,0.92,0.92,0.92,0.92,0.92,0.92
204,0.96,0.96,0.96,0.96,0.96,0.96,0.96,0.96,0.96,0.96,0.96,0.96,0.96,0.96,0.96
205,0.96,0.96,0.96,0.96,0.96,0.96,0.96,0.96,0.96,0.96,0.96,0.96,0.96,0.96,0.96
206,0.96,0.96,0.96,0.96,0.96,0.96,0.96,0.96,0.96,0.96,0.96,0.96,0.96,0.96,0.96
207,0.96,0.96,0.96,0.96,0.96,0.96,0.96,0.96,0.96,0.96,0.96,0.96,0.96,0.96,0.96
208,0.96,0.96,0.96,0.96,0.96,0.96,0.96,0.96,0.96,0.96,0.96,0.96,0.96,0.96,0.96
209,0.94,0.94,0.94,0.94,0.94,0.94,0.94,0.94,0.94,0.94,0.94,0.94,0.94,0.94,0.94
210,0.98,0.98,0.98,0.98,0.98,0.98,0.98,0.98,0.98,0.98,0.98,0.98,0.98,0.98,0.98
211,0.94,0.94,0.94,0.94,0.94,0.94,0.94,0.94,0.94,0.94,0.94,0.94,0.94,0.94,0.94
212,0.9,0.9,0.9,0.9,0.9,0.9,0.9,0.9,0.9,0.9,0.9,0.9,0.9,0.9,0.9
213,0.94,0.94,0.94,0.94,0.94,0.94,0.94,0.94,0.94,0.94,0.94,0.94,0.94,0.94,0.94
214,0.9,0.9,0.9,0.9,0.9,0.9,0.9,0.9,0.9,0.9,0.9,0.9,0.9,0.9,0.9
215,0.94,0.94,0.94,0.94,0.94,0.94,0.94,0.94,0.94,0.94,0.94,0.94,0.94,0.94,0.94
216,0.92,0.92,0.92,0.92,0.92,0.92,0.92,0.92,0.92,0.92,0.92,0.92,0.92,0.92,0.92
217,0.9,0.9,0.9,0.9,0.9,0.9,0.9,0.9,0.9,0.9,0.9,0.9,0.9,0.9,0.9
218,0.92,0.92,0.92,0.92,0.92,0.92,0.92,0.92,0.92,0.92,0.92,0.92,0.92,0.92,0.92
219,0.96,0.96,0.96,0.96,0.96,0.96,0.96,0.96,0.96,0.96,0.96,0.96,0.96,0.96,0.96
220,0.96,0.96,0.96,0.96,0.96,0.96,0.96,0.96,0.96,0.96,0.96,0.96,0.96,0.96,0.96
221,0.94,0.94,0.94,0.94,0.94,0.94,0.94,0.94,0.94,0.94,0.94,0.94,0.94,0.94,0.94
222,0.94,0.94,0.94,0.94,0.94,0.94,0.94,0.94,0.94,0.94,0.94,0.94,0.94,0.94,0.94
223,0.92,0.92,0.92,0.92,0.92,0.92,0.92,0.92,0.92,0.92,0.92,0.92,0.92,0.92,0.92
224,0.94,0.94,0.94,0.94,0.94,0.94,0.94,0.94,0.94,0.94,0.94,0.94,0.94,0.94,0.94
225,0.98,0.98,0.98,0.98,0.98,0.98,0.98,0.98,0.98,0.98,0.98,0.98,0.98,0.98,0.98
226,0.94,0.94,0.94,0.94,0.94,0.94,0.94,0.94,0.94,0.94,0.94,0.94,0.94,0.94,0.94
227,0.94,0.94,0.94,0.94,0.94,0.94,0.94,0.94,0.94,0.94,0.94,0.94,0.94,0.94,0.94
228,1.0,1.0,1.0,1.0,1.0,1.0,1.0,1.0,1.0,1.0,1.0,1.0,1.0,1.0,1.0
229,0.94,0.94,0.94,0.94,0.94,0.94,0.94,0.94,0.94,0.94,0.94,0.94,0.94,0.94,0.94
230,0.94,0.94,0.94,0.94,0.94,0.94,0.94,0.94,0.94,0.94,0.94,0.94,0.94,0.94,0.94
231,0.9,0.9,0.9,0.9,0.9,0.9,0.9,0.9,0.9,0.9,0.9,0.9,0.9,0.9,0.9
232,0.86,0.86,0.86,0.86,0.86,0.86,0.86,0.86,0.86,0.86,0.86,0.86,0.86,0.86,0.86
233,0.92,0.92,0.92,0.92,0.92,0.92,0.92,0.92,0.92,0.92,0.92,0.92,0.92,0.92,0.92
234,0.88,0.88,0.88,0.88,0.88,0.88,0.88,0.88,0.88,0.88,0.88,0.88,0.88,0.88,0.88
235,0.8,0.8,0.8,0.8,0.8,0.8,0.8,0.8,0.8,0.8,0.8,0.8,0.8,0.8,0.8
236,0.88,0.88,0.88,0.88,0.88,0.88,0.88,0.88,0.88,0.88,0.88,0.88,0.88,0.88,0.88
237,0.88,0.88,0.88,0.88,0.88,0.88,0.88,0.88,0.88,0.88,0.88,0.88,0.88,0.88,0.88
238,0.92,0.92,0.92,0.92,0.92,0.92,0.92,0.92,0.92,0.92,0.92,0.92,0.92,0.92,0.92
239,0.84,0.84,0.84,0.84,0.84,0.84,0.84,0.84,0.84,0.84,0.84,0.84,0.84,0.84,0.84
240,0.86,0.86,0.86,0.86,0.86,0.86,0.86,0.86,0.86,0.86,0.86,0.86,0.86,0.86,0.86
241,0.92,0.92,0.92,0.92,0.92,0.92,0.92,0.92,0.92,0.92,0.92,0.92,0.92,0.92,0.92
242,0.88,0.88,0.88,0.88,0.88,0.88,0.88,0.88,0.88,0.88,0.88,0.88,0.88,0.88,0.88
243,0.88,0.88,0.88,0.88,0.88,0.88,0.88,0.88,0.88,0.88,0.88,0.88,0.88,0.88,0.88
244,0.92,0.92,0.92,0.92,0.92,0.92,0.92,0.92,0.92,0.92,0.92,0.92,0.92,0.92,0.92
245,0.98,0.98,0.98,0.98,0.98,0.98,0.98,0.98,0.98,0.98,0.98,0.98,0.98,0.98,0.98
246,0.86,0.86,0.86,0.86,0.86,0.86,0.86,0.86,0.86,0.86,0.86,0.86,0.86,0.86,0.86
247,0.92,0.92,0.92,0.92,0.92,0.92,0.92,0.92,0.92,0.92,0.92,0.92,0.92,0.92,0.92
248,0.96,0.96,0.96,0.96,0.96,0.96,0.96,0.96,0.96,0.96,0.96,0.96,0.96,0.96,0.96
249,0.98,0.98,0.98,0.98,0.98,0.98,0.98,0.98,0.98,0.98,0.98,0.98,0.98,0.98,0.98
250,0.86,0.86,0.86,0.86,0.86,0.86,0.86,0.86,0.86,0.86,0.86,0.86,0.86,0.86,0.86
251,0.92,0.92,0.92,0.92,0.92,0.92,0.92,0.92,0.92,0.92,0.92,0.92,0.92,0.92,0.92
252,0.94,0.94,0.94,0.94,0.94,0.94,0.94,0.94,0.94,0.94,0.94,0.94,0.94,0.94,0.94
253,0.96,0.96,0.96,0.96,0.96,0.96,0.96,0.96,0.96,0.96,0.96,0.96,0.96,0.96,0.96
254,0.92,0.92,0.92,0.92,0.92,0.92,0.92,0.92,0.92,0.92,0.92,0.92,0.92,0.92,0.92
255,0.96,0.96,0.96,0.96,0.96,0.96,0.96,0.96,0.96,0.96,0.96,0.96,0.96,0.96,0.96
256,0.9,0.9,0.9,0.9,0.9,0.9,0.9,0.9,0.9,0.9,0.9,0.9,0.9,0.9,0.9
257,0.94,0.94,0.94,0.94,0.94,0.94,0.94,0.94,0.94,0.94,0.94,0.94,0.94,0.94,0.94
258,0.94,0.94,0.94,0.94,0.94,0.94,0.94,0.94,0.94,0.94,0.94,0.94,0.94,0.94,0.94
259,0.92,0.92,0.92,0.92,0.92,0.92,0.92,0.92,0.92,0.92,0.92,0.92,0.92,0.92,0.92
260,0.94,0.94,0.94,0.94,0.94,0.94,0.94,0.94,0.94,0.94,0.94,0.94,0.94,0.94,0.94
261,0.94,0.94,0.94,0.94,0.94,0.94,0.94,0.94,0.94,0.94,0.94,0.94,0.94,0.94,0.94
262,0.96,0.96,0.96,0.96,0.96,0.96,0.96,0.96,0.96,0.96,0.96,0.96,0.96,0.96,0.96
263,0.88,0.88,0.88,0.88,0.88,0.88,0.88,0.88,0.88,0.88,0.88,0.88,0.88,0.88,0.88
264,0.96,0.96,0.96,0.96,0.96,0.96,0.96,0.96,0.96,0.96,0.96,0.96,0.96,0.96,0.96
265,0.92,0.92,0.92,0.92,0.92,0.92,0.92,0.92,0.92,0.92,0.92,0.92,0.92,0.92,0.92
266,0.9,0.9,0.9,0.9,0.9,0.9,0.9,0.9,0.9,0.9,0.9,0.9,0.9,0.9,0.9
267,0.98,0.98,0.98,0.98,0.98,0.98,0.98,0.98,0.98,0.98,0.98,0.98,0.98,0.98,0.98
268,0.94,0.94,0.94,0.94,0.94,0.94,0.94,0.94,0.94,0.94,0.94,0.94,0.94,0.94,0.94
269,0.96,0.96,0.96,0.96,0.96,0.96,0.96,0.96,0.96,0.96,0.96,0.96,0.96,0.96,0.96
270,0.98,0.98,0.98,0.98,0.98,0.98,0.98,0.98,0.98,0.98,0.98,0.98,0.98,0.98,0.98
271,0.92,0.92,0.92,0.92,0.92,0.92,0.92,0.92,0.92,0.92,0.92,0.92,0.92,0.92,0.92
272,0.96,0.96,0.96,0.96,0.96,0.96,0.96,0.96,0.96,0.96,0.96,0.96,0.96,0.96,0.96
273,0.96,0.96,0.96,0.96,0.96,0.96,0.96,0.96,0.96,0.96,0.96,0.96,0.96,0.96,0.96
274,0.92,0.92,0.92,0.92,0.92,0.92,0.92,0.92,0.92,0.92,0.92,0.92,0.92,0.92,0.92
275,0.92,0.92,0.92,0.92,0.92,0.92,0.92,0.92,0.92,0.92,0.92,0.92,0.92,0.92,0.92
276,0.96,0.96,0.96,0.96,0.96,0.96,0.96,0.96,0.96,0.96,0.96,0.96,0.96,0.96,0.96
277,0.98,0.98,0.98,0.98,0.98,0.98,0.98,0.98,0.98,0.98,0.98,0.98,0.98,0.98,0.98
278,0.96,0.96,0.96,0.96,0.96,0.96,0.96,0.96,0.96,0.96,0.96,0.96,0.96,0.96,0.96
279,1.0,1.0,1.0,1.0,1.0,1.0,1.0,1.0,1.0,1.0,1.0,1.0,1.0,1.0,1.0
280,0.92,0.92,0.92,0.92,0.92,0.92,0.92,0.92,0.92,0.92,0.92,0.92,0.92,0.92,0.92
281,0.96,0.96,0.96,0.96,0.96,0.96,0.96,0.96,0.96,0.96,0.96,0.96,0.96,0.96,0.96
282,0.94,0.94,0.94,0.94,0.94,0.94,0.94,0.94,0.94,0.94,0.94,0.94,0.94,0.94,0.94
283,0.92,0.92,0.92,0.92,0.92,0.92,0.92,0.92,0.92,0.92,0.92,0.92,0.92,0.92,0.92
284,0.94,0.94,0.94,0.94,0.94,0.94,0.94,0.94,0.94,0.94,0.94,0.94,0.94,0.94,0.94
285,0.9,0.9,0.9,0.9,0.9,0.9,0.9,0.9,0.9,0.9,0.9,0.9,0.9,0.9,0.9
286,0.98,0.98,0.98,0.98,0.98,0.98,0.98,0.98,0.98,0.98,0.98,0.98,0.98,0.98,0.98
287,0.98,0.98,0.98,0.98,0.98,0.98,0.98,0.98,0.98,0.98,0.98,0.98,0.98,0.98,0.98
288,0.98,0.98,0.98,0.98,0.98,0.98,0.98,0.98,0.98,0.98,0.98,0.98,0.98,0.98,0.98
289,0.98,0.98,0.98,0.98,0.98,0.98,0.98,0.98,0.98,0.98,0.98,0.98,0.98,0.98,0.98
290,0.92,0.92,0.92,0.92,0.92,0.92,0.92,0.92,0.92,0.92,0.92,0.92,0.92,0.92,0.92
291,0.92,0.92,0.92,0.92,0.92,0.92,0.92,0.92,0.92,0.92,0.92,0.92,0.92,0.92,0.92
292,0.96,0.96,0.96,0.96,0.96,0.96,0.96,0.96,0.96,0.96,0.96,0.96,0.96,0.96,0.96
293,0.96,0.96,0.96,0.96,0.96,0.96,0.96,0.96,0.96,0.96,0.96,0.96,0.96,0.96,0.96
294,0.88,0.88,0.88,0.88,0.88,0.88,0.88,0.88,0.88,0.88,0.88,0.88,0.88,0.88,0.88
295,0.92,0.92,0.92,0.92,0.92,0.92,0.92,0.92,0.92,0.92,0.92,0.92,0.92,0.92,0.92
296,0.86,0.86,0.86,0.86,0.86,0.86,0.86,0.86,0.86,0.86,0.86,0.86,0.86,0.86,0.86
297,0.86,0.86,0.86,0.86,0.86,0.86,0.86,0.86,0.86,0.86,0.86,0.86,0.86,0.86,0.86
298,0.78,0.78,0.78,0.78,0.78,0.78,0.78,0.78,0.78,0.78,0.78,0.78,0.78,0.78,0.78
299,0.96,0.96,0.96,0.96,0.96,0.96,0.96,0.96,0.96,0.96,0.96,0.96,0.96,0.96,0.96
300,0.96,0.96,0.96,0.96,0.96,0.96,0.96,0.96,0.96,0.96,0.96,0.96,0.96,0.96,0.96
301,0.72,0.72,0.72,0.72,0.72,0.72,0.72,0.72,0.72,0.72,0.72,0.72,0.72,0.72,0.72
302,0.88,0.88,0.88,0.88,0.88,0.88,0.88,0.88,0.88,0.88,0.88,0.88,0.88,0.88,0.88
303,0.92,0.92,0.92,0.92,0.92,0.92,0.92,0.92,0.92,0.92,0.92,0.92,0.92,0.92,0.92
304,0.86,0.86,0.86,0.86,0.86,0.86,0.86,0.86,0.86,0.86,0.86,0.86,0.86,0.86,0.86
305,0.88,0.88,0.88,0.88,0.88,0.88,0.88,0.88,0.88,0.88,0.88,0.88,0.88,0.88,0.88
306,0.8,0.8,0.8,0.8,0.8,0.8,0.8,0.8,0.8,0.8,0.8,0.8,0.8,0.8,0.8
307,0.92,0.92,0.92,0.92,0.92,0.92,0.92,0.92,0.92,0.92,0.92,0.92,0.92,0.92,0.92
308,0.88,0.88,0.88,0.88,0.88,0.88,0.88,0.88,0.88,0.88,0.88,0.88,0.88,0.88,0.88
309,0.9,0.9,0.9,0.9,0.9,0.9,0.9,0.9,0.9,0.9,0.9,0.9,0.9,0.9,0.9
310,0.86,0.86,0.86,0.86,0.86,0.86,0.86,0.86,0.86,0.86,0.86,0.86,0.86,0.86,0.86
311,0.86,0.86,0.86,0.86,0.86,0.86,0.86,0.86,0.86,0.86,0.86,0.86,0.86,0.86,0.86
312,0.94,0.94,0.94,0.94,0.94,0.94,0.94,0.94,0.94,0.94,0.94,0.94,0.94,0.94,0.94
313,0.9,0.9,0.9,0.9,0.9,0.9,0.9,0.9,0.9,0.9,0.9,0.9,0.9,0.9,0.9
314,0.96,0.96,0.96,0.96,0.96,0.96,0.96,0.96,0.96,0.96,0.96,0.96,0.96,0.96,0.96
315,0.9,0.9,0.9,0.9,0.9,0.9,0.9,0.9,0.9,0.9,0.9,0.9,0.9,0.9,0.9
316,0.88,0.88,0.88,0.88,0.88,0.88,0.88,0.88,0.88,0.88,0.88,0.88,0.88,0.88,0.88
317,0.9,0.9,0.9,0.9,0.9,0.9,0.9,0.9,0.9,0.9,0.9,0.9,0.9,0.9,0.9
318,0.86,0.86,0.86,0.86,0.86,0.86,0.86,0.86,0.86,0.86,0.86,0.86,0.86,0.86,0.86
319,0.88,0.88,0.88,0.88,0.88,0.88,0.88,0.88,0.88,0.88,0.88,0.88,0.88,0.88,0.88
320,0.92,0.92,0.92,0.92,0.92,0.92,0.92,0.92,0.92,0.92,0.92,0.92,0.92,0.92,0.92
321,0.92,0.92,0.92,0.92,0.92,0.92,0.92,0.92,0.92,0.92,0.92,0.92,0.92,0.92,0.92
322,0.88,0.88,0.88,0.88,0.88,0.88,0.88,0.88,0.88,0.88,0.88,0.88,0.88,0.88,0.88
323,0.88,0.88,0.88,0.88,0.88,0.88,0.88,0.88,0.88,0.88,0.88,0.88,0.88,0.88,0.88
324,0.9,0.9,0.9,0.9,0.9,0.9,0.9,0.9,0.9,0.9,0.9,0.9,0.9,0.9,0.9
325,0.88,0.88,0.88,0.88,0.88,0.88,0.88,0.88,0.88,0.88,0.88,0.88,0.88,0.88,0.88
326,0.86,0.86,0.86,0.86,0.86,0.86,0.86,0.86,0.86,0.86,0.86,0.86,0.86,0.86,0.86
327,0.88,0.88,0.88,0.88,0.88,0.88,0.88,0.88,0.88,0.88,0.88,0.88,0.88,0.88,0.88
328,0.92,0.92,0.92,0.92,0.92,0.92,0.92,0.92,0.92,0.92,0.92,0.92,0.92,0.92,0.92
329,0.92,0.92,0.92,0.92,0.92,0.92,0.92,0.92,0.92,0.92,0.92,0.92,0.92,0.92,0.92
330,0.92,0.92,0.92,0.92,0.92,0.92,0.92,0.92,0.92,0.92,0.92,0.92,0.92,0.92,0.92
331,0.96,0.96,0.96,0.96,0.96,0.96,0.96,0.96,0.96,0.96,0.96,0.96,0.96,0.96,0.96
332,0.82,0.82,0.82,0.82,0.82,0.82,0.82,0.82,0.82,0.82,0.82,0.82,0.82,0.82,0.82
333,0.94,0.94,0.94,0.94,0.94,0.94,0.94,0.94,0.94,0.94,0.94,0.94,0.94,0.94,0.94
334,0.86,0.86,0.86,0.86,0.86,0.86,0.86,0.86,0.86,0.86,0.86,0.86,0.86,0.86,0.86
335,0.96,0.96,0.96,0.96,0.96,0.96,0.96,0.96,0.96,0.96,0.96,0.96,0.96,0.96,0.96
336,0.84,0.84,0.84,0.84,0.84,0.84,0.84,0.84,0.84,0.84,0.84,0.84,0.84,0.84,0.84
337,0.92,0.92,0.92,0.92,0.92,0.92,0.92,0.92,0.92,0.92,0.92,0.92,0.92,0.92,0.92
338,0.9,0.9,0.9,0.9,0.9,0.9,0.9,0.9,0.9,0.9,0.9,0.9,0.9,0.9,0.9
339,0.9,0.9,0.9,0.9,0.9,0.9,0.9,0.9,0.9,0.9,0.9,0.9,0.9,0.9,0.9
340,0.82,0.82,0.82,0.82,0.82,0.82,0.82,0.82,0.82,0.82,0.82,0.82,0.82,0.82,0.82
341,0.88,0.88,0.88,0.88,0.88,0.88,0.88,0.88,0.88,0.88,0.88,0.88,0.88,0.88,0.88
342,0.94,0.94,0.94,0.94,0.94,0.94,0.94,0.94,0.94,0.94,0.94,0.94,0.94,0.94,0.94
343,0.94,0.94,0.94,0.94,0.94,0.94,0.94,0.94,0.94,0.94,0.94,0.94,0.94,0.94,0.94
344,0.98,0.98,0.98,0.98,0.98,0.98,0.98,0.98,0.98,0.98,0.98,0.98,0.98,0.98,0.98
345,0.94,0.94,0.94,0.94,0.94,0.94,0.94,0.94,0.94,0.94,0.94,0.94,0.94,0.94,0.94
346,0.92,0.92,0.92,0.92,0.92,0.92,0.92,0.92,0.92,0.92,0.92,0.92,0.92,0.92,0.92
347,0.98,0.98,0.98,0.98,0.98,0.98,0.98,0.98,0.98,0.98,0.98,0.98,0.98,0.98,0.98
348,0.94,0.94,0.94,0.94,0.94,0.94,0.94,0.94,0.94,0.94,0.94,0.94,0.94,0.94,0.94
349,0.94,0.94,0.94,0.94,0.94,0.94,0.94,0.94,0.94,0.94,0.94,0.94,0.94,0.94,0.94
350,0.94,0.94,0.94,0.94,0.94,0.94,0.94,0.94,0.94,0.94,0.94,0.94,0.94,0.94,0.94
351,0.96,0.96,0.96,0.96,0.96,0.96,0.96,0.96,0.96,0.96,0.96,0.96,0.96,0.96,0.96
352,0.92,0.92,0.92,0.92,0.92,0.92,0.92,0.92,0.92,0.92,0.92,0.92,0.92,0.92,0.92
353,0.96,0.96,0.96,0.96,0.96,0.96,0.96,0.96,0.96,0.96,0.96,0.96,0.96,0.96,0.96
354,0.96,0.96,0.96,0.96,0.96,0.96,0.96,0.96,0.96,0.96,0.96,0.96,0.96,0.96,0.96
355,0.92,0.92,0.92,0.92,0.92,0.92,0.92,0.92,0.92,0.92,0.92,0.92,0.92,0.92,0.92
356,0.92,0.92,0.92,0.92,0.92,0.92,0.92,0.92,0.92,0.92,0.92,0.92,0.92,0.92,0.92
357,0.88,0.88,0.88,0.88,0.88,0.88,0.88,0.88,0.88,0.88,0.88,0.88,0.88,0.88,0.88
358,0.9,0.9,0.9,0.9,0.9,0.9,0.9,0.9,0.9,0.9,0.9,0.9,0.9,0.9,0.9
359,0.96,0.96,0.96,0.96,0.96,0.96,0.96,0.96,0.96,0.96,0.96,0.96,0.96,0.96,0.96
360,0.94,0.94,0.94,0.94,0.94,0.94,0.94,0.94,0.94,0.94,0.94,0.94,0.94,0.94,0.94
361,0.94,0.94,0.94,0.94,0.94,0.94,0.94,0.94,0.94,0.94,0.94,0.94,0.94,0.94,0.94
362,0.94,0.94,0.94,0.94,0.94,0.94,0.94,0.94,0.94,0.94,0.94,0.94,0.94,0.94,0.94
363,0.94,0.94,0.94,0.94,0.94,0.94,0.94,0.94,0.94,0.94,0.94,0.94,0.94,0.94,0.94
364,0.9,0.9,0.9,0.9,0.9,0.9,0.9,0.9,0.9,0.9,0.9,0.9,0.9,0.9,0.9
365,0.84,0.84,0.84,0.84,0.84,0.84,0.84,0.84,0.84,0.84,0.84,0.84,0.84,0.84,0.84
366,0.92,0.92,0.92,0.92,0.92,0.92,0.92,0.92,0.92,0.92,0.92,0.92,0.92,0.92,0.92
367,0.94,0.94,0.94,0.94,0.94,0.94,0.94,0.94,0.94,0.94,0.94,0.94,0.94,0.94,0.94
368,0.94,0.94,0.94,0.94,0.94,0.94,0.94,0.94,0.94,0.94,0.94,0.94,0.94,0.94,0.94
369,0.94,0.94,0.94,0.94,0.94,0.94,0.94,0.94,0.94,0.94,0.94,0.94,0.94,0.94,0.94
370,0.92,0.92,0.92,0.92,0.92,0.92,0.92,0.92,0.92,0.92,0.92,0.92,0.92,0.92,0.92
371,0.94,0.94,0.94,0.94,0.94,0.94,0.94,0.94,0.94,0.94,0.94,0.94,0.94,0.94,0.94
372,0.86,0.86,0.86,0.86,0.86,0.86,0.86,0.86,0.86,0.86,0.86,0.86,0.86,0.86,0.86
373,0.94,0.94,0.94,0.94,0.94,0.94,0.94,0.94,0.94,0.94,0.94,0.94,0.94,0.94,0.94
374,0.98,0.98,0.98,0.98,0.98,0.98,0.98,0.98,0.98,0.98,0.98,0.98,0.98,0.98,0.98
375,0.96,0.96,0.96,0.96,0.96,0.96,0.96,0.96,0.96,0.96,0.96,0.96,0.96,0.96,0.96
376,0.9,0.9,0.9,0.9,0.9,0.9,0.9,0.9,0.9,0.9,0.9,0.9,0.9,0.9,0.9
377,0.86,0.86,0.86,0.86,0.86,0.86,0.86,0.86,0.86,0.86,0.86,0.86,0.86,0.86,0.86
378,0.94,0.94,0.94,0.94,0.94,0.94,0.94,0.94,0.94,0.94,0.94,0.94,0.94,0.94,0.94
379,0.92,0.92,0.92,0.92,0.92,0.92,0.92,0.92,0.92,0.92,0.92,0.92,0.92,0.92,0.92
380,0.96,0.96,0.96,0.96,0.96,0.96,0.96,0.96,0.96,0.96,0.96,0.96,0.96,0.96,0.96
381,0.96,0.96,0.96,0.96,0.96,0.96,0.96,0.96,0.96,0.96,0.96,0.96,0.96,0.96,0.96
382,0.96,0.96,0.96,0.96,0.96,0.96,0.96,0.96,0.96,0.96,0.96,0.96,0.96,0.96,0.96
383,0.96,0.96,0.96,0.96,0.96,0.96,0.96,0.96,0.96,0.96,0.96,0.96,0.96,0.96,0.96
384,0.88,0.88,0.88,0.88,0.88,0.88,0.88,0.88,0.88,0.88,0.88,0.88,0.88,0.88,0.88
385,0.96,0.96,0.96,0.96,0.96,0.96,0.96,0.96,0.96,0.96,0.96,0.96,0.96,0.96,0.96
386,0.92,0.92,0.92,0.92,0.92,0.92,0.92,0.92,0.92,0.92,0.92,0.92,0.92,0.92,0.92
387,0.96,0.96,0.96,0.96,0.96,0.96,0.96,0.96,0.96,0.96,0.96,0.96,0.96,0.96,0.96
388,0.94,0.94,0.94,0.94,0.94,0.94,0.94,0.94,0.94,0.94,0.94,0.94,0.94,0.94,0.94
389,0.98,0.98,0.98,0.98,0.98,0.98,0.98,0.98,0.98,0.98,0.98,0.98,0.98,0.98,0.98
390,0.92,0.92,0.92,0.92,0.92,0.92,0.92,0.92,0.92,0.92,0.92,0.92,0.92,0.92,0.92
391,0.94,0.94,0.94,0.94,0.94,0.94,0.94,0.94,0.94,0.94,0.94,0.94,0.94,0.94,0.94
392,0.94,0.94,0.94,0.94,0.94,0.94,0.94,0.94,0.94,0.94,0.94,0.94,0.94,0.94,0.94
393,0.9,0.9,0.9,0.9,0.9,0.9,0.9,0.9,0.9,0.9,0.9,0.9,0.9,0.9,0.9
394,0.96,0.96,0.96,0.96,0.96,0.96,0.96,0.96,0.96,0.96,0.96,0.96,0.96,0.96,0.96
395,0.98,0.98,0.98,0.98,0.98,0.98,0.98,0.98,0.98,0.98,0.98,0.98,0.98,0.98,0.98
396,0.98,0.98,0.98,0.98,0.98,0.98,0.98,0.98,0.98,0.98,0.98,0.98,0.98,0.98,0.98
397,0.94,0.94,0.94,0.94,0.94,0.94,0.94,0.94,0.94,0.94,0.94,0.94,0.94,0.94,0.94
398,1.0,1.0,1.0,1.0,1.0,1.0,1.0,1.0,1.0,1.0,1.0,1.0,1.0,1.0,1.0
399,0.98,0.98,0.98,0.98,0.98,0.98,0.98,0.98,0.98,0.98,0.98,0.98,0.98,0.98,0.98
400,0.98,0.98,0.98,0.98,0.98,0.98,0.98,0.98,0.98,0.98,0.98,0.98,0.98,0.98,0.98
401,0.98,0.98,0.98,0.98,0.98,0.98,0.98,0.98,0.98,0.98,0.98,0.98,0.98,0.98,0.98
402,0.96,0.96,0.96,0.96,0.96,0.96,0.96,0.96,0.96,0.96,0.96,0.96,0.96,0.96,0.96
403,0.86,0.86,0.86,0.86,0.86,0.86,0.86,0.86,0.86,0.86,0.86,0.86,0.86,0.86,0.86
404,0.94,0.94,0.94,0.94,0.94,0.94,0.94,0.94,0.94,0.94,0.94,0.94,0.94,0.94,0.94
405,0.94,0.94,0.94,0.94,0.94,0.94,0.94,0.94,0.94,0.94,0.94,0.94,0.94,0.94,0.94
406,1.0,1.0,1.0,1.0,1.0,1.0,1.0,1.0,1.0,1.0,1.0,1.0,1.0,1.0,1.0
407,0.98,0.98,0.98,0.98,0.98,0.98,0.98,0.98,0.98,0.98,0.98,0.98,0.98,0.98,0.98
408,0.96,0.96,0.96,0.96,0.96,0.96,0.96,0.96,0.96,0.96,0.96,0.96,0.96,0.96,0.96
409,0.9,0.9,0.9,0.9,0.9,0.9,0.9,0.9,0.9,0.9,0.9,0.9,0.9,0.9,0.9
410,0.92,0.92,0.92,0.92,0.92,0.92,0.92,0.92,0.92,0.92,0.92,0.92,0.92,0.92,0.92
411,0.96,0.96,0.96,0.96,0.96,0.96,0.96,0.96,0.96,0.96,0.96,0.96,0.96,0.96,0.96
412,0.98,0.98,0.98,0.98,0.98,0.98,0.98,0.98,0.98,0.98,0.98,0.98,0.98,0.98,0.98
413,0.94,0.94,0.94,0.94,0.94,0.94,0.94,0.94,0.94,0.94,0.94,0.94,0.94,0.94,0.94
414,0.92,0.92,0.92,0.92,0.92,0.92,0.92,0.92,0.92,0.92,0.92,0.92,0.92,0.92,0.92
415,0.9,0.9,0.9,0.9,0.9,0.9,0.9,0.9,0.9,0.9,0.9,0.9,0.9,0.9,0.9
416,0.94,0.94,0.94,0.94,0.94,0.94,0.94,0.94,0.94,0.94,0.94,0.94,0.94,0.94,0.94
417,0.98,0.98,0.98,0.98,0.98,0.98,0.98,0.98,0.98,0.98,0.98,0.98,0.98,0.98,0.98
418,0.88,0.88,0.88,0.88,0.88,0.88,0.88,0.88,0.88,0.88,0.88,0.88,0.88,0.88,0.88
419,0.98,0.98,0.98,0.98,0.98,0.98,0.98,0.98,0.98,0.98,0.98,0.98,0.98,0.98,0.98
420,0.88,0.88,0.88,0.88,0.88,0.88,0.88,0.88,0.88,0.88,0.88,0.88,0.88,0.88,0.88
421,0.94,0.94,0.94,0.94,0.94,0.94,0.94,0.94,0.94,0.94,0.94,0.94,0.94,0.94,0.94
422,0.92,0.92,0.92,0.92,0.92,0.92,0.92,0.92,0.92,0.92,0.92,0.92,0.92,0.92,0.92
423,0.9,0.9,0.9,0.9,0.9,0.9,0.9,0.9,0.9,0.9,0.9,0.9,0.9,0.9,0.9
424,0.96,0.96,0.96,0.96,0.96,0.96,0.96,0.96,0.96,0.96,0.96,0.96,0.96,0.96,0.96
425,0.84,0.84,0.84,0.84,0.84,0.84,0.84,0.84,0.84,0.84,0.84,0.84,0.84,0.84,0.84
426,0.94,0.94,0.94,0.94,0.94,0.94,0.94,0.94,0.94,0.94,0.94,0.94,0.94,0.94,0.94
427,0.92,0.92,0.92,0.92,0.92,0.92,0.92,0.92,0.92,0.92,0.92,0.92,0.92,0.92,0.92
428,0.9,0.9,0.9,0.9,0.9,0.9,0.9,0.9,0.9,0.9,0.9,0.9,0.9,0.9,0.9
429,0.86,0.86,0.86,0.86,0.86,0.86,0.86,0.86,0.86,0.86,0.86,0.86,0.86,0.86,0.86
430,0.94,0.94,0.94,0.94,0.94,0.94,0.94,0.94,0.94,0.94,0.94,0.94,0.94,0.94,0.94
431,0.92,0.92,0.92,0.92,0.92,0.92,0.92,0.92,0.92,0.92,0.92,0.92,0.92,0.92,0.92
432,0.9,0.9,0.9,0.9,0.9,0.9,0.9,0.9,0.9,0.9,0.9,0.9,0.9,0.9,0.9
433,0.84,0.84,0.84,0.84,0.84,0.84,0.84,0.84,0.84,0.84,0.84,0.84,0.84,0.84,0.84
434,0.86,0.86,0.86,0.86,0.86,0.86,0.86,0.86,0.86,0.86,0.86,0.86,0.86,0.86,0.86
435,0.9,0.9,0.9,0.9,0.9,0.9,0.9,0.9,0.9,0.9,0.9,0.9,0.9,0.9,0.9
436,0.88,0.88,0.88,0.88,0.88,0.88,0.88,0.88,0.88,0.88,0.88,0.88,0.88,0.88,0.88
437,0.86,0.86,0.86,0.86,0.86,0.86,0.86,0.86,0.86,0.86,0.86,0.86,0.86,0.86,0.86
438,0.9,0.9,0.9,0.9,0.9,0.9,0.9,0.9,0.9,0.9,0.9,0.9,0.9,0.9,0.9
439,0.96,0.96,0.96,0.96,0.96,0.96,0.96,0.96,0.96,0.96,0.96,0.96,0.96,0.96,0.96
440,0.92,0.92,0.92,0.92,0.92,0.92,0.92,0.92,0.92,0.92,0.92,0.92,0.92,0.92,0.92
441,0.88,0.88,0.88,0.88,0.88,0.88,0.88,0.88,0.88,0.88,0.88,0.88,0.88,0.88,0.88
442,0.92,0.92,0.92,0.92,0.92,0.92,0.92,0.92,0.92,0.92,0.92,0.92,0.92,0.92,0.92
443,0.94,0.94,0.94,0.94,0.94,0.94,0.94,0.94,0.94,0.94,0.94,0.94,0.94,0.94,0.94
444,0.88,0.88,0.88,0.88,0.88,0.88,0.88,0.88,0.88,0.88,0.88,0.88,0.88,0.88,0.88
445,0.96,0.96,0.96,0.96,0.96,0.96,0.96,0.96,0.96,0.96,0.96,0.96,0.96,0.96,0.96
446,0.9,0.9,0.9,0.9,0.9,0.9,0.9,0.9,0.9,0.9,0.9,0.9,0.9,0.9,0.9
447,0.98,0.98,0.98,0.98,0.98,0.98,0.98,0.98,0.98,0.98,0.98,0.98,0.98,0.98,0.98
448,0.88,0.88,0.88,0.88,0.88,0.88,0.88,0.88,0.88,0.88,0.88,0.88,0.88,0.88,0.88
449,0.94,0.94,0.94,0.94,0.94,0.94,0.94,0.94,0.94,0.94,0.94,0.94,0.94,0.94,0.94
450,0.92,0.92,0.92,0.92,0.92,0.92,0.92,0.92,0.92,0.92,0.92,0.92,0.92,0.92,0.92
451,0.88,0.88,0.88,0.88,0.88,0.88,0.88,0.88,0.88,0.88,0.88,0.88,0.88,0.88,0.88
452,0.96,0.96,0.96,0.96,0.96,0.96,0.96,0.96,0.96,0.96,0.96,0.96,0.96,0.96,0.96
453,0.94,0.94,0.94,0.94,0.94,0.94,0.94,0.94,0.94,0.94,0.94,0.94,0.94,0.94,0.94
454,0.96,0.96,0.96,0.96,0.96,0.96,0.96,0.96,0.96,0.96,0.96,0.96,0.96,0.96,0.96
455,0.88,0.88,0.88,0.88,0.88,0.88,0.88,0.88,0.88,0.88,0.88,0.88,0.88,0.88,0.88
456,0.86,0.86,0.86,0.86,0.86,0.86,0.86,0.86,0.86,0.86,0.86,0.86,0.86,0.86,0.86
457,0.9,0.9,0.9,0.9,0.9,0.9,0.9,0.9,0.9,0.9,0.9,0.9,0.9,0.9,0.9
458,0.9,0.9,0.9,0.9,0.9,0.9,0.9,0.9,0.9,0.9,0.9,0.9,0.9,0.9,0.9
459,0.88,0.88,0.88,0.88,0.88,0.88,0.88,0.88,0.88,0.88,0.88,0.88,0.88,0.88,0.88
460,0.86,0.86,0.86,0.86,0.86,0.86,0.86,0.86,0.86,0.86,0.86,0.86,0.86,0.86,0.86
461,0.94,0.94,0.94,0.94,0.94,0.94,0.94,0.94,0.94,0.94,0.94,0.94,0.94,0.94,0.94
462,0.88,0.88,0.88,0.88,0.88,0.88,0.88,0.88,0.88,0.88,0.88,0.88,0.88,0.88,0.88
463,0.92,0.92,0.92,0.92,0.92,0.92,0.92,0.92,0.92,0.92,0.92,0.92,0.92,0.92,0.92
464,0.9,0.9,0.9,0.9,0.9,0.9,0.9,0.9,0.9,0.9,0.9,0.9,0.9,0.9,0.9
465,0.92,0.92,0.92,0.92,0.92,0.92,0.92,0.92,0.92,0.92,0.92,0.92,0.92,0.92,0.92
466,0.98,0.98,0.98,0.98,0.98,0.98,0.98,0.98,0.98,0.98,0.98,0.98,0.98,0.98,0.98
467,0.92,0.92,0.92,0.92,0.92,0.92,0.92,0.92,0.92,0.92,0.92,0.92,0.92,0.92,0.92
468,0.86,0.86,0.86,0.86,0.86,0.86,0.86,0.86,0.86,0.86,0.86,0.86,0.86,0.86,0.86
469,0.94,0.94,0.94,0.94,0.94,0.94,0.94,0.94,0.94,0.94,0.94,0.94,0.94,0.94,0.94
470,0.88,0.88,0.88,0.88,0.88,0.88,0.88,0.88,0.88,0.88,0.88,0.88,0.88,0.88,0.88
471,0.88,0.88,0.88,0.88,0.88,0.88,0.88,0.88,0.88,0.88,0.88,0.88,0.88,0.88,0.88
472,0.86,0.86,0.86,0.86,0.86,0.86,0.86,0.86,0.86,0.86,0.86,0.86,0.86,0.86,0.86
473,0.92,0.92,0.92,0.92,0.92,0.92,0.92,0.92,0.92,0.92,0.92,0.92,0.92,0.92,0.92
474,0.96,0.96,0.96,0.96,0.96,0.96,0.96,0.96,0.96,0.96,0.96,0.96,0.96,0.96,0.96
475,0.92,0.92,0.92,0.92,0.92,0.92,0.92,0.92,0.92,0.92,0.92,0.92,0.92,0.92,0.92
476,0.98,0.98,0.98,0.98,0.98,0.98,0.98,0.98,0.98,0.98,0.98,0.98,0.98,0.98,0.98
477,1.0,1.0,1.0,1.0,0.96,1.0,1.0,1.0,1.0,1.0,1.0,1.0,0.96,0.96,0.96
478,0.92,0.96,0.96,0.96,0.94,0.96,0.96,0.96,0.96,0.96,0.96,0.96,0.94,0.94,0.94
479,0.98,0.98,0.98,0.98,0.9,0.98,0.98,0.98,0.98,0.98,0.98,0.98,0.9,0.9,0.9
480,0.94,0.98,0.98,0.98,0.98,0.98,0.98,0.98,0.98,0.98,0.98,0.98,0.98,0.98,0.98
481,0.92,0.92,0.92,0.92,0.94,0.92,0.92,0.92,0.92,0.92,0.92,0.92,0.94,0.94,0.94
482,0.94,0.94,0.94,0.94,0.94,0.94,0.94,0.94,0.94,0.94,0.94,0.94,0.94,0.94,0.94
483,0.98,1.0,1.0,1.0,0.98,1.0,1.0,1.0,1.0,1.0,1.0,1.0,0.98,0.98,0.98
484,0.94,1.0,1.0,1.0,1.0,1.0,1.0,1.0,1.0,1.0,1.0,1.0,1.0,1.0,1.0
485,0.86,0.9,0.9,0.9,0.94,0.9,0.9,0.9,0.9,0.9,0.9,0.9,0.94,0.94,0.94
486,0.96,0.96,0.96,0.96,0.98,0.96,0.96,0.96,0.96,0.96,0.96,0.96,0.98,0.98,0.98
487,0.96,0.96,0.96,0.96,0.98,0.96,0.96,0.96,0.96,0.96,0.96,0.96,0.98,0.98,0.98
488,0.94,0.98,0.98,0.94,1.0,0.98,0.98,0.98,0.98,0.98,0.98,0.98,1.0,1.0,1.0
489,0.9,0.92,0.92,0.9,0.94,0.92,0.92,0.92,0.92,0.92,0.92,0.92,0.94,0.94,0.94
490,0.92,0.96,0.96,0.9,0.98,0.96,0.96,0.96,0.96,0.96,0.96,0.96,0.98,0.98,0.98
491,0.88,0.96,0.96,0.88,0.98,0.96,0.96,0.96,0.96,0.96,0.96,0.96,0.98,0.98,0.98
492,0.9,0.92,0.92,0.9,0.94,0.92,0.92,0.92,0.92,0.92,0.92,0.92,0.94,0.94,0.94
493,0.9,0.96,0.96,0.92,1.0,0.96,0.96,0.96,0.96,0.96,0.96,0.96,1.0,1.0,1.0
494,0.94,0.98,0.98,0.96,0.98,0.98,0.98,0.98,0.98,0.98,0.98,0.98,0.98,0.98,0.98
495,0.98,0.98,0.98,0.98,0.98,0.98,0.98,0.98,0.98,0.98,0.98,0.98,0.98,0.98,0.98
496,0.92,0.92,0.92,0.92,1.0,0.92,0.92,0.92,0.92,0.92,0.92,0.92,1.0,1.0,1.0
497,0.94,0.98,0.98,0.96,0.9,0.98,0.98,0.98,0.98,0.98,0.98,0.98,0.9,0.9,0.9
498,0.94,0.96,0.96,0.94,0.96,0.96,0.96,0.96,0.96,0.96,0.96,0.96,0.96,0.96,0.96
499,0.96,0.96,0.96,0.96,0.96,0.96,0.96,0.96,0.96,0.96,0.96,0.96,0.96,0.96,0.96
500,0.94,0.96,0.96,0.94,0.98,0.96,0.96,0.96,0.96,0.96,0.96,0.96,0.96,0.98,0.98
501,0.92,0.94,0.94,0.94,0.94,0.94,0.94,0.94,0.94,0.94,0.94,0.94,0.9,0.94,0.94
502,1.0,1.0,1.0,1.0,0.88,1.0,1.0,1.0,1.0,1.0,1.0,1.0,1.0,0.88,0.88
503,0.96,0.96,0.96,0.96,0.96,0.96,0.96,0.96,0.96,0.96,0.96,0.96,0.96,0.96,0.96
504,0.98,0.98,0.98,0.98,1.0,0.98,0.98,0.98,0.98,0.98,0.98,0.98,0.98,1.0,1.0
505,0.94,0.94,0.94,0.94,0.94,0.94,0.94,0.94,0.94,0.94,0.94,0.94,0.94,0.94,0.94
506,0.94,0.94,0.94,0.94,0.96,0.94,0.94,0.94,0.94,0.94,0.94,0.94,0.94,0.96,0.96
507,0.98,0.98,0.98,0.98,0.94,0.98,0.98,0.98,0.98,0.98,0.98,0.98,0.96,0.94,0.94
508,0.92,0.96,0.96,0.94,0.92,0.96,0.96,0.96,0.96,0.96,0.96,0.96,0.9,0.92,0.92
509,0.94,0.94,0.94,0.94,1.0,0.94,0.94,0.94,0.94,0.94,0.94,0.94,0.94,1.0,1.0
510,0.96,0.94,0.94,0.96,0.88,0.94,0.94,0.94,0.94,0.94,0.94,0.94,0.94,0.88,0.88
511,0.98,0.98,0.98,0.98,0.94,0.98,0.98,0.98,0.98,0.98,0.98,0.98,0.98,0.94,0.94
512,0.92,0.94,0.94,0.94,0.92,0.94,0.94,0.94,0.94,0.94,0.94,0.94,0.92,0.92,0.92
513,0.92,0.92,0.92,0.92,0.98,0.92,0.92,0.92,0.92,0.92,0.92,0.92,0.9,0.98,0.98
514,0.96,0.94,0.94,0.96,0.96,0.94,0.94,0.94,0.94,0.94,0.94,0.94,0.94,0.96,0.96
515,0.96,0.98,0.98,0.98,0.94,0.98,0.98,0.98,0.98,0.98,0.98,0.98,0.96,0.94,0.94
516,0.96,0.98,0.98,0.98,0.92,0.98,0.98,0.98,0.98,0.98,0.98,0.98,0.98,0.92,0.92
517,0.94,0.96,0.96,0.96,0.96,0.96,0.96,0.96,0.96,0.96,0.96,0.96,0.96,0.96,0.96
518,0.96,0.96,0.96,0.96,0.96,0.96,0.96,0.96,0.96,0.96,0.96,0.96,0.96,0.96,0.96
519,0.92,0.94,0.94,0.94,0.96,0.94,0.94,0.94,0.94,0.94,0.94,0.94,0.94,0.96,0.96
520,0.92,0.92,0.92,0.92,0.94,0.92,0.92,0.92,0.92,0.92,0.92,0.92,0.92,0.94,0.94
521,0.94,0.96,0.96,0.96,0.96,0.96,0.96,0.96,0.96,0.96,0.96,0.96,0.96,0.96,0.96
522,0.84,0.88,0.88,0.86,0.98,0.88,0.88,0.88,0.88,0.88,0.88,0.88,0.86,0.98,0.98
523,0.9,0.9,0.9,0.9,0.94,0.9,0.9,0.9,0.9,0.9,0.9,0.9,0.9,0.94,0.94
524,0.96,0.96,0.96,0.96,0.96,0.96,0.96,0.96,0.96,0.96,0.96,0.96,0.96,0.96,0.96
525,0.88,0.92,0.92,0.88,0.94,0.92,0.92,0.92,0.92,0.92,0.92,0.92,0.88,0.94,0.94
526,0.96,0.96,0.96,0.96,1.0,0.96,0.96,0.96,0.96,0.96,0.96,0.96,0.96,1.0,1.0
527,0.92,0.94,0.94,0.94,0.96,0.94,0.94,0.94,0.94,0.94,0.94,0.94,0.94,0.96,0.96
528,0.96,0.98,0.98,0.96,0.98,0.98,0.98,0.98,0.98,0.98,0.98,0.98,0.96,0.98,0.98
529,0.94,0.94,0.94,0.94,0.98,0.94,0.94,0.94,0.94,0.94,0.94,0.94,0.94,0.98,0.98
530,0.9,0.96,0.9,0.9,0.98,0.9,0.9,0.9,0.9,0.9,0.9,0.9,0.9,0.98,0.98
531,0.98,0.98,0.96,0.96,0.98,0.96,0.96,0.96,0.96,0.96,0.96,0.96,0.96,0.98,0.98
532,1.0,1.0,1.0,0.98,0.96,1.0,1.0,1.0,1.0,1.0,1.0,1.0,0.98,0.96,0.96
533,0.94,0.94,0.96,0.96,0.92,0.96,0.96,0.96,0.96,0.96,0.96,0.96,0.94,0.92,0.92
534,0.88,0.9,0.94,0.96,0.82,0.94,0.94,0.94,0.94,0.94,0.94,0.94,0.96,0.82,0.82
535,0.96,0.96,0.96,0.98,0.86,0.96,0.96,0.96,0.96,0.96,0.96,0.96,0.96,0.86,0.86
536,0.94,0.94,0.94,0.94,0.88,0.94,0.94,0.94,0.94,0.94,0.94,0.94,0.96,0.88,0.88
537,0.98,0.98,0.98,0.98,0.86,0.98,0.98,0.98,0.98,0.98,0.98,0.98,0.98,0.86,0.86
538,0.88,0.9,0.72,0.88,0.82,0.72,0.72,0.72,0.72,0.72,0.72,0.72,0.88,0.9,0.82
539,0.96,0.96,0.92,0.96,0.88,0.92,0.92,0.92,0.92,0.92,0.92,0.92,0.96,0.92,0.88
540,0.96,0.96,0.94,0.96,0.88,0.94,0.94,0.94,0.94,0.94,0.94,0.94,0.96,0.98,0.88
541,0.96,0.96,0.98,0.96,0.86,0.98,0.98,0.98,0.98,0.98,0.98,0.98,0.96,1.0,0.86
542,0.98,0.98,0.98,0.98,0.88,0.98,0.98,0.98,0.98,0.98,0.98,0.98,0.98,0.98,0.88
543,0.98,0.98,0.94,0.98,0.92,0.94,0.94,0.94,0.94,0.94,0.94,0.94,0.98,0.92,0.92
544,0.98,0.98,0.96,0.94,0.88,0.96,0.96,0.96,0.96,0.96,0.96,0.96,0.94,0.96,0.88
545,0.96,0.94,0.92,0.94,0.82,0.92,0.92,0.92,0.92,0.92,0.92,0.92,0.94,0.94,0.82
546,1.0,1.0,0.98,0.98,0.92,0.98,0.98,0.98,0.98,0.98,0.98,0.98,0.96,0.98,0.92
547,0.98,0.98,0.92,0.98,0.96,0.92,0.92,0.92,0.92,0.92,0.92,0.92,0.92,0.98,0.96
548,0.96,0.96,0.98,0.9,0.88,0.98,0.98,0.98,0.98,0.98,0.98,0.98,1.0,1.0,0.88
549,1.0,1.0,0.96,0.94,0.9,0.96,0.96,0.96,0.96,0.96,0.96,0.96,0.96,0.98,0.9
550,0.98,0.98,0.98,0.96,0.88,0.98,0.98,0.98,0.98,0.98,0.98,0.98,0.96,0.96,0.88
551,1.0,1.0,0.98,0.96,0.94,0.98,0.98,0.98,0.98,0.98,0.98,0.98,0.94,0.98,0.94
552,0.94,0.94,0.94,0.9,0.88,0.94,0.94,0.94,0.94,0.94,0.94,0.94,0.9,0.94,0.88
553,0.98,0.98,0.98,0.98,0.92,0.98,0.98,0.98,0.98,0.98,0.98,0.98,0.98,0.98,0.92
554,0.98,1.0,0.94,0.98,0.82,0.94,0.94,0.94,0.94,0.94,0.94,0.94,0.98,0.98,0.82
555,0.92,0.92,0.92,0.9,0.9,0.92,0.92,0.92,0.92,0.92,0.92,0.92,0.92,0.92,0.9
556,0.94,0.94,0.94,0.94,0.92,0.94,0.94,0.94,0.94,0.94,0.94,0.94,0.92,0.94,0.92
557,0.96,0.96,0.98,0.9,0.88,0.98,0.98,0.98,0.98,0.98,0.98,0.98,0.96,0.96,0.88
558,1.0,1.0,0.98,0.98,0.92,0.98,0.98,0.98,0.98,0.98,0.98,0.98,0.98,0.98,0.92
559,0.98,0.98,0.96,0.96,0.82,0.96,0.96,0.96,0.96,0.96,0.96,0.96,0.98,0.98,0.82
560,0.94,0.94,0.86,0.86,0.86,0.86,0.86,0.86,0.86,0.86,0.86,0.86,0.88,0.92,0.86
561,0.96,0.96,0.96,0.94,0.9,0.96,0.96,0.96,0.96,0.96,0.96,0.96,0.96,0.96,0.9
562,0.96,0.96,0.92,0.9,0.9,0.92,0.92,0.92,0.92,0.92,0.92,0.92,0.96,0.96,0.9
563,0.98,0.98,0.94,0.96,0.9,0.94,0.94,0.94,0.94,0.94,0.94,0.94,0.98,0.98,0.9
564,0.92,0.92,0.98,0.94,0.9,0.98,0.98,0.98,0.98,0.98,0.98,0.98,0.9,0.94,0.9
565,0.98,0.98,0.94,0.94,0.88,0.94,0.94,0.94,0.94,0.94,0.94,0.94,0.98,0.98,0.88
566,0.98,0.98,0.92,0.9,0.94,0.92,0.92,0.92,0.92,0.92,0.92,0.92,0.92,0.94,0.94
567,0.98,1.0,0.96,0.94,0.94,0.96,0.96,0.96,0.96,0.96,0.96,0.96,0.94,0.94,0.94
568,0.96,0.98,0.98,0.96,0.88,0.98,0.98,0.98,0.98,0.98,0.98,0.98,0.96,0.96,0.88
569,0.98,0.96,0.96,0.96,0.94,0.96,0.96,0.96,0.96,0.96,0.96,0.96,0.98,0.98,0.94
570,0.94,0.96,0.92,0.88,0.88,0.92,0.92,0.92,0.92,0.92,0.92,0.92,0.92,0.94,0.88
571,0.96,0.98,0.98,0.96,0.98,0.98,0.98,0.98,0.98,0.98,0.98,0.98,0.96,0.96,0.98
572,0.96,0.96,0.94,0.92,0.82,0.94,0.94,0.94,0.94,0.94,0.94,0.94,0.94,0.96,0.82
573,0.96,0.96,0.92,0.92,0.88,0.92,0.92,0.92,0.92,0.92,0.92,0.92,0.92,0.94,0.88
574,0.96,0.96,0.98,0.96,0.92,0.98,0.98,0.98,0.98,0.98,0.98,0.98,0.96,0.96,0.92
575,0.92,0.92,0.98,0.88,0.92,0.98,0.98,0.98,0.98,0.98,0.98,0.98,0.92,0.92,0.92
576,0.9,0.92,0.96,0.86,0.86,0.96,0.96,0.96,0.96,0.96,0.96,0.96,0.9,0.92,0.86
577,1.0,1.0,0.96,0.96,0.9,0.96,0.96,0.96,0.96,0.96,0.96,0.96,1.0,1.0,0.9
578,1.0,1.0,0.96,0.96,0.88,0.96,0.96,0.96,0.96,0.96,0.96,0.96,1.0,1.0,0.88
579,0.94,0.94,0.94,0.92,0.9,0.94,0.94,0.94,0.94,0.94,0.94,0.94,0.94,0.94,0.9
580,0.94,0.94,0.96,0.9,0.92,0.96,0.96,0.96,0.96,0.96,0.96,0.96,0.94,0.94,0.92
581,0.98,0.98,1.0,0.98,0.94,1.0,1.0,1.0,1.0,1.0,1.0,1.0,0.98,0.98,0.94
582,0.98,0.96,0.96,0.96,0.82,0.96,0.96,0.96,0.96,0.96,0.96,0.96,0.98,0.98,0.82
583,0.92,0.94,1.0,0.9,0.92,1.0,1.0,1.0,1.0,1.0,1.0,1.0,0.9,0.92,0.92
584,0.82,0.84,0.9,0.82,1.0,0.9,0.9,0.9,0.9,0.9,0.9,0.9,0.82,0.82,1.0
585,0.78,0.78,0.84,0.76,0.88,0.84,0.84,0.84,0.84,0.84,0.84,0.84,0.78,0.78,0.88
586,0.7,0.68,0.7,0.68,0.84,0.7,0.7,0.7,0.7,0.7,0.7,0.7,0.68,0.68,0.84
587,0.86,0.84,0.86,0.84,0.92,0.86,0.86,0.86,0.86,0.86,0.86,0.86,0.84,0.84,0.92
588,0.84,0.82,0.94,0.84,0.94,0.94,0.94,0.94,0.94,0.94,0.94,0.94,0.82,0.82,0.94
589,0.86,0.86,0.86,0.82,0.94,0.86,0.86,0.86,0.86,0.86,0.86,0.86,0.84,0.86,0.94
590,0.82,0.82,0.88,0.82,0.88,0.88,0.88,0.88,0.88,0.88,0.88,0.88,0.8,0.82,0.88
591,0.88,0.86,0.96,0.86,0.96,0.96,0.96,0.96,0.96,0.96,0.96,0.96,0.86,0.86,0.96
592,0.84,0.76,0.92,0.92,0.9,0.92,0.92,0.92,0.92,0.92,0.92,0.92,0.82,0.82,0.9
593,0.84,0.84,0.92,0.94,0.98,0.92,0.92,0.92,0.92,0.92,0.92,0.92,0.84,0.84,0.98
