dataset,method_key,drift_onset,trigger_batch,pre_drift_accuracy,recovery_threshold,recovery_batch,accuracy_recovery_batches,recovered,method,seed
synth_sea_abrupt,GRU|11,534,530.0,0.952,0.9043999999999999,534.0,0.0,1,GRU,11
synth_sea_abrupt,GRU|11,584,,0.952,0.9043999999999999,,,0,GRU,11
synth_sea_abrupt,GRU|22,534,529.0,0.9640000000000001,0.9158000000000001,534.0,0.0,1,GRU,22
synth_sea_abrupt,GRU|22,584,,0.952,0.9043999999999999,,,0,GRU,22
synth_sea_abrupt,GRU|33,534,,0.952,0.9043999999999999,,,0,GRU,33
synth_sea_abrupt,GRU|33,584,,0.9719999999999999,0.9233999999999998,,,0,GRU,33
synth_sea_abrupt,TRANSFORMER|11,534,,0.9480000000000001,0.9006000000000001,,,0,TRANSFORMER,11
synth_sea_abrupt,TRANSFORMER|11,584,592.0,0.932,0.8854,,,0,TRANSFORMER,11
synth_sea_abrupt,TRANSFORMER|22,534,,0.9640000000000001,0.9158000000000001,,,0,TRANSFORMER,22
synth_sea_abrupt,TRANSFORMER|22,584,,0.9,0.855,,,0,TRANSFORMER,22
synth_sea_abrupt,TRANSFORMER|33,534,,0.952,0.9043999999999999,,,0,TRANSFORMER,33
synth_sea_abrupt,TRANSFORMER|33,584,,0.9719999999999999,0.9233999999999998,,,0,TRANSFORMER,33
synth_sea_abrupt,LSTM|11,534,,0.952,0.9043999999999999,,,0,LSTM,11
synth_sea_abrupt,LSTM|11,584,,0.9719999999999999,0.9233999999999998,,,0,LSTM,11
synth_sea_abrupt,LSTM|22,534,,0.952,0.9043999999999999,,,0,LSTM,22
synth_sea_abrupt,LSTM|22,584,,0.9719999999999999,0.9233999999999998,,,0,LSTM,22
synth_sea_abrupt,LSTM|33,534,,0.952,0.9043999999999999,,,0,LSTM,33
synth_sea_abrupt,LSTM|33,584,,0.9719999999999999,0.9233999999999998,,,0,LSTM,33
synth_sea_abrupt,LOGISTIC REGRESSION|11,534,,0.952,0.9043999999999999,,,0,LOGISTIC REGRESSION,11
synth_sea_abrupt,LOGISTIC REGRESSION|11,584,,0.9719999999999999,0.9233999999999998,,,0,LOGISTIC REGRESSION,11
synth_sea_abrupt,LOGISTIC REGRESSION|22,534,,0.952,0.9043999999999999,,,0,LOGISTIC REGRESSION,22
synth_sea_abrupt,LOGISTIC REGRESSION|22,584,,0.9719999999999999,0.9233999999999998,,,0,LOGISTIC REGRESSION,22
synth_sea_abrupt,LOGISTIC REGRESSION|33,534,,0.952,0.9043999999999999,,,0,LOGISTIC REGRESSION,33
synth_sea_abrupt,LOGISTIC REGRESSION|33,584,,0.9719999999999999,0.9233999999999998,,,0,LOGISTIC REGRESSION,33
synth_sea_abrupt,ADWIN|-1,534,545.0,0.944,0.8967999999999999,546.0,12.0,1,ADWIN,-1
synth_sea_abrupt,ADWIN|-1,584,,0.9480000000000001,0.9006000000000001,,,0,ADWIN,-1
synth_sea_abrupt,DDM|-1,534,537.0,0.9640000000000001,0.9158000000000001,541.0,7.0,1,DDM,-1
synth_sea_abrupt,DDM|-1,584,,0.952,0.9043999999999999,,,0,DDM,-1
synth_sea_abrupt,KSWIN|-1,534,,0.9640000000000001,0.9158000000000001,,,0,KSWIN,-1
synth_sea_abrupt,KSWIN|-1,584,,0.9,0.855,,,0,KSWIN,-1
synth_sea_gradual,GRU|11,534,553.0,0.9399999999999998,0.8929999999999998,554.0,20.0,1,GRU,11
synth_sea_gradual,GRU|11,584,589.0,0.9,0.855,592.0,8.0,1,GRU,11
synth_sea_gradual,GRU|22,534,532.0,0.9399999999999998,0.8929999999999998,534.0,0.0,1,GRU,22
synth_sea_gradual,GRU|22,584,583.0,0.9,0.855,584.0,0.0,1,GRU,22
synth_sea_gradual,GRU|33,534,,0.9399999999999998,0.8929999999999998,,,0,GRU,33
synth_sea_gradual,GRU|33,584,,0.9279999999999999,0.8815999999999999,,,0,GRU,33
synth_sea_gradual,TRANSFORMER|11,534,538.0,0.9399999999999998,0.8929999999999998,539.0,5.0,1,TRANSFORMER,11
synth_sea_gradual,TRANSFORMER|11,584,,0.9,0.855,,,0,TRANSFORMER,11
synth_sea_gradual,TRANSFORMER|22,534,,0.9399999999999998,0.8929999999999998,,,0,TRANSFORMER,22
synth_sea_gradual,TRANSFORMER|22,584,,0.9279999999999999,0.8815999999999999,,,0,TRANSFORMER,22
synth_sea_gradual,TRANSFORMER|33,534,542.0,0.9399999999999998,0.8929999999999998,543.0,9.0,1,TRANSFORMER,33
synth_sea_gradual,TRANSFORMER|33,584,583.0,0.9,0.855,584.0,0.0,1,TRANSFORMER,33
synth_sea_gradual,LSTM|11,534,,0.9399999999999998,0.8929999999999998,,,0,LSTM,11
synth_sea_gradual,LSTM|11,584,,0.9279999999999999,0.8815999999999999,,,0,LSTM,11
synth_sea_gradual,LSTM|22,534,,0.9399999999999998,0.8929999999999998,,,0,LSTM,22
synth_sea_gradual,LSTM|22,584,,0.9279999999999999,0.8815999999999999,,,0,LSTM,22
synth_sea_gradual,LSTM|33,534,,0.9399999999999998,0.8929999999999998,,,0,LSTM,33
synth_sea_gradual,LSTM|33,584,,0.9279999999999999,0.8815999999999999,,,0,LSTM,33
synth_sea_gradual,LOGISTIC REGRESSION|11,534,,0.9399999999999998,0.8929999999999998,,,0,LOGISTIC REGRESSION,11
synth_sea_gradual,LOGISTIC REGRESSION|11,584,,0.9279999999999999,0.8815999999999999,,,0,LOGISTIC REGRESSION,11
synth_sea_gradual,LOGISTIC REGRESSION|22,534,,0.9399999999999998,0.8929999999999998,,,0,LOGISTIC REGRESSION,22
synth_sea_gradual,LOGISTIC REGRESSION|22,584,,0.9279999999999999,0.8815999999999999,,,0,LOGISTIC REGRESSION,22
synth_sea_gradual,LOGISTIC REGRESSION|33,534,,0.9399999999999998,0.8929999999999998,,,0,LOGISTIC REGRESSION,33
synth_sea_gradual,LOGISTIC REGRESSION|33,584,,0.9279999999999999,0.8815999999999999,,,0,LOGISTIC REGRESSION,33
synth_sea_gradual,ADWIN|-1,534,566.0,0.9399999999999998,0.8929999999999998,567.0,33.0,1,ADWIN,-1
synth_sea_gradual,ADWIN|-1,584,,0.9,0.855,,,0,ADWIN,-1
synth_sea_gradual,DDM|-1,534,541.0,0.9480000000000001,0.9006000000000001,544.0,10.0,1,DDM,-1
synth_sea_gradual,DDM|-1,584,,0.9,0.855,,,0,DDM,-1
synth_sea_gradual,KSWIN|-1,534,,0.9480000000000001,0.9006000000000001,,,0,KSWIN,-1
synth_sea_gradual,KSWIN|-1,584,,0.9119999999999999,0.8663999999999998,,,0,KSWIN,-1
insects_abrupt_balanced,GRU|11,767,782.0,0.7200000000000001,0.684,,,0,GRU,11
insects_abrupt_balanced,GRU|11,784,782.0,0.41600000000000004,0.3952,784.0,0.0,1,GRU,11
insects_abrupt_balanced,GRU|22,767,768.0,0.8719999999999999,0.8283999999999998,,,0,GRU,22
insects_abrupt_balanced,GRU|22,784,783.0,0.536,0.5092,784.0,0.0,1,GRU,22
insects_abrupt_balanced,GRU|33,767,764.0,0.844,0.8018,767.0,0.0,1,GRU,33
insects_abrupt_balanced,GRU|33,784,796.0,0.532,0.5054,797.0,13.0,1,GRU,33
insects_abrupt_balanced,TRANSFORMER|11,767,,0.22400000000000003,0.21280000000000002,,,0,TRANSFORMER,11
insects_abrupt_balanced,TRANSFORMER|11,784,,0.45999999999999996,0.43699999999999994,,,0,TRANSFORMER,11
insects_abrupt_balanced,TRANSFORMER|22,767,,0.7639999999999999,0.7257999999999999,,,0,TRANSFORMER,22
insects_abrupt_balanced,TRANSFORMER|22,784,,0.42400000000000004,0.40280000000000005,,,0,TRANSFORMER,22
insects_abrupt_balanced,TRANSFORMER|33,767,,0.22400000000000003,0.21280000000000002,,,0,TRANSFORMER,33
insects_abrupt_balanced,TRANSFORMER|33,784,,0.45999999999999996,0.43699999999999994,,,0,TRANSFORMER,33
insects_abrupt_balanced,LSTM|11,767,763.0,0.8960000000000001,0.8512000000000001,767.0,0.0,1,LSTM,11
insects_abrupt_balanced,LSTM|11,784,784.0,0.524,0.4978,785.0,1.0,1,LSTM,11
insects_abrupt_balanced,LSTM|22,767,767.0,0.22400000000000003,0.21280000000000002,768.0,1.0,1,LSTM,22
insects_abrupt_balanced,LSTM|22,784,,0.536,0.5092,,,0,LSTM,22
insects_abrupt_balanced,LSTM|33,767,,0.7600000000000001,0.7220000000000001,,,0,LSTM,33
insects_abrupt_balanced,LSTM|33,784,825.0,0.388,0.3686,826.0,42.0,1,LSTM,33
insects_abrupt_balanced,LOGISTIC REGRESSION|11,767,771.0,0.9640000000000001,0.9158000000000001,,,0,LOGISTIC REGRESSION,11
insects_abrupt_balanced,LOGISTIC REGRESSION|11,784,789.0,0.536,0.5092,790.0,6.0,1,LOGISTIC REGRESSION,11
insects_abrupt_balanced,LOGISTIC REGRESSION|22,767,771.0,0.9640000000000001,0.9158000000000001,,,0,LOGISTIC REGRESSION,22
insects_abrupt_balanced,LOGISTIC REGRESSION|22,784,789.0,0.536,0.5092,790.0,6.0,1,LOGISTIC REGRESSION,22
insects_abrupt_balanced,LOGISTIC REGRESSION|33,767,771.0,0.9640000000000001,0.9158000000000001,,,0,LOGISTIC REGRESSION,33
insects_abrupt_balanced,LOGISTIC REGRESSION|33,784,789.0,0.536,0.5092,790.0,6.0,1,LOGISTIC REGRESSION,33
insects_abrupt_balanced,ADWIN|-1,767,763.0,0.892,0.8473999999999999,767.0,0.0,1,ADWIN,-1
insects_abrupt_balanced,ADWIN|-1,784,814.0,0.5640000000000001,0.5358,815.0,31.0,1,ADWIN,-1
insects_abrupt_balanced,DDM|-1,767,765.0,0.376,0.35719999999999996,767.0,0.0,1,DDM,-1
insects_abrupt_balanced,DDM|-1,784,938.0,0.536,0.5092,939.0,155.0,1,DDM,-1
insects_abrupt_balanced,KSWIN|-1,767,767.0,0.7360000000000001,0.6992,,,0,KSWIN,-1
insects_abrupt_balanced,KSWIN|-1,784,794.0,0.536,0.5092,795.0,11.0,1,KSWIN,-1
