dataset,model,seed,threshold,mean_lead_time,median_lead_time,std_lead_time,detection_coverage,missed_drift_rate,batch_far,event_far,alert_episodes,false_alert_episodes,drift_events,detected_events,eligible_batches,false_batch_alerts,lead_time_sum,evaluated_batches,total_adaptations,adaptations_per_100_batches,false_adaptations,true_event_related_adaptations,adaptation_precision
synth_sea_abrupt,GRU,11,0.05,0.0,0.0,0.0,0.0,1.0,1.0,1.0,1,1,2,0,109,109,0,119,1,0.8403361344537815,1,0,0.0
synth_sea_abrupt,GRU,11,0.1,0.0,0.0,0.0,0.0,1.0,1.0,1.0,1,1,2,0,109,109,0,119,1,0.8403361344537815,1,0,0.0
synth_sea_abrupt,GRU,11,0.15,0.0,0.0,0.0,0.0,1.0,1.0,1.0,1,1,2,0,109,109,0,119,1,0.8403361344537815,1,0,0.0
synth_sea_abrupt,GRU,11,0.2,0.0,0.0,0.0,0.0,1.0,0.963302752293578,1.0,1,1,2,0,109,105,0,119,1,0.8403361344537815,1,0,0.0
synth_sea_abrupt,GRU,11,0.25,0.0,0.0,0.0,0.0,1.0,0.8807339449541285,1.0,2,2,2,0,109,96,0,119,2,1.680672268907563,2,0,0.0
synth_sea_abrupt,GRU,11,0.3,5.0,5.0,0.0,0.5,0.5,0.6972477064220184,0.5,2,1,2,1,109,76,5,119,2,1.680672268907563,1,1,0.5
synth_sea_abrupt,GRU,11,0.35,5.0,5.0,0.0,0.5,0.5,0.5871559633027523,0.8,5,4,2,1,109,64,5,119,5,4.201680672268908,4,1,0.2
synth_sea_abrupt,GRU,11,0.39999999999999997,5.0,5.0,0.0,0.5,0.5,0.45871559633027525,0.8,5,4,2,1,109,50,5,119,5,4.201680672268908,4,1,0.2
synth_sea_abrupt,GRU,11,0.44999999999999996,4.0,4.0,0.0,0.5,0.5,0.3394495412844037,0.8333333333333334,6,5,2,1,109,37,4,119,6,5.042016806722689,5,1,0.16666666666666666
synth_sea_abrupt,GRU,11,0.49999999999999994,3.0,3.0,0.0,0.5,0.5,0.1834862385321101,0.75,4,3,2,1,109,20,3,119,4,3.361344537815126,3,1,0.25
synth_sea_abrupt,GRU,11,0.5499999999999999,3.0,3.0,0.0,0.5,0.5,0.06422018348623854,0.6666666666666666,3,2,2,1,109,7,3,119,3,2.5210084033613445,2,1,0.3333333333333333
synth_sea_abrupt,GRU,11,0.6,0.0,0.0,0.0,0.0,1.0,0.03669724770642202,1.0,2,2,2,0,109,4,0,119,2,1.680672268907563,2,0,0.0
synth_sea_abrupt,GRU,11,0.65,0.0,0.0,0.0,0.0,1.0,0.009174311926605505,1.0,1,1,2,0,109,1,0,119,1,0.8403361344537815,1,0,0.0
synth_sea_abrupt,GRU,11,0.7,0.0,0.0,0.0,0.0,1.0,0.0,0.0,0,0,2,0,109,0,0,119,0,0.0,0,0,0.0
synth_sea_abrupt,GRU,11,0.75,0.0,0.0,0.0,0.0,1.0,0.0,0.0,0,0,2,0,109,0,0,119,0,0.0,0,0,0.0
synth_sea_abrupt,GRU,11,0.7999999999999999,0.0,0.0,0.0,0.0,1.0,0.0,0.0,0,0,2,0,109,0,0,119,0,0.0,0,0,0.0
synth_sea_abrupt,GRU,11,0.85,0.0,0.0,0.0,0.0,1.0,0.0,0.0,0,0,2,0,109,0,0,119,0,0.0,0,0,0.0
synth_sea_abrupt,GRU,11,0.9,0.0,0.0,0.0,0.0,1.0,0.0,0.0,0,0,2,0,109,0,0,119,0,0.0,0,0,0.0
synth_sea_abrupt,GRU,11,0.95,0.0,0.0,0.0,0.0,1.0,0.0,0.0,0,0,2,0,109,0,0,119,0,0.0,0,0,0.0
synth_sea_abrupt,GRU,22,0.05,0.0,0.0,0.0,0.0,1.0,1.0,1.0,1,1,2,0,109,109,0,119,1,0.8403361344537815,1,0,0.0
synth_sea_abrupt,GRU,22,0.1,0.0,0.0,0.0,0.0,1.0,1.0,1.0,1,1,2,0,109,109,0,119,1,0.8403361344537815,1,0,0.0
synth_sea_abrupt,GRU,22,0.15,0.0,0.0,0.0,0.0,1.0,1.0,1.0,1,1,2,0,109,109,0,119,1,0.8403361344537815,1,0,0.0
synth_sea_abrupt,GRU,22,0.2,0.0,0.0,0.0,0.0,1.0,1.0,1.0,1,1,2,0,109,109,0,119,1,0.8403361344537815,1,0,0.0
synth_sea_abrupt,GRU,22,0.25,0.0,0.0,0.0,0.0,1.0,0.9357798165137615,1.0,1,1,2,0,109,102,0,119,1,0.8403361344537815,1,0,0.0
synth_sea_abrupt,GRU,22,0.3,5.0,5.0,0.0,0.5,0.5,0.7981651376146789,0.5,2,1,2,1,109,87,5,119,2,1.680672268907563,1,1,0.5
synth_sea_abrupt,GRU,22,0.35,5.0,5.0,0.0,0.5,0.5,0.6513761467889908,0.75,4,3,2,1,109,71,5,119,4,3.361344537815126,3,1,0.25
synth_sea_abrupt,GRU,22,0.39999999999999997,3.0,3.0,0.0,0.5,0.5,0.45871559633027525,0.8333333333333334,6,5,2,1,109,50,3,119,6,5.042016806722689,5,1,0.16666666666666666
synth_sea_abrupt,GRU,22,0.44999999999999996,3.0,3.0,0.0,0.5,0.5,0.27522935779816515,0.8,5,4,2,1,109,30,3,119,5,4.201680672268908,4,1,0.2
synth_sea_abrupt,GRU,22,0.49999999999999994,1.0,1.0,0.0,0.5,0.5,0.1926605504587156,0.8,5,4,2,1,109,21,1,119,5,4.201680672268908,4,1,0.2
synth_sea_abrupt,GRU,22,0.5499999999999999,0.0,0.0,0.0,0.0,1.0,0.07339449541284404,1.0,3,3,2,0,109,8,0,119,3,2.5210084033613445,3,0,0.0
synth_sea_abrupt,GRU,22,0.6,0.0,0.0,0.0,0.0,1.0,0.009174311926605505,1.0,1,1,2,0,109,1,0,119,1,0.8403361344537815,1,0,0.0
synth_sea_abrupt,GRU,22,0.65,0.0,0.0,0.0,0.0,1.0,0.0,0.0,0,0,2,0,109,0,0,119,0,0.0,0,0,0.0
synth_sea_abrupt,GRU,22,0.7,0.0,0.0,0.0,0.0,1.0,0.0,0.0,0,0,2,0,109,0,0,119,0,0.0,0,0,0.0
synth_sea_abrupt,GRU,22,0.75,0.0,0.0,0.0,0.0,1.0,0.0,0.0,0,0,2,0,109,0,0,119,0,0.0,0,0,0.0
synth_sea_abrupt,GRU,22,0.7999999999999999,0.0,0.0,0.0,0.0,1.0,0.0,0.0,0,0,2,0,109,0,0,119,0,0.0,0,0,0.0
synth_sea_abrupt,GRU,22,0.85,0.0,0.0,0.0,0.0,1.0,0.0,0.0,0,0,2,0,109,0,0,119,0,0.0,0,0,0.0
synth_sea_abrupt,GRU,22,0.9,0.0,0.0,0.0,0.0,1.0,0.0,0.0,0,0,2,0,109,0,0,119,0,0.0,0,0,0.0
synth_sea_abrupt,GRU,22,0.95,0.0,0.0,0.0,0.0,1.0,0.0,0.0,0,0,2,0,109,0,0,119,0,0.0,0,0,0.0
synth_sea_abrupt,GRU,33,0.05,0.0,0.0,0.0,0.0,1.0,1.0,1.0,1,1,2,0,109,109,0,119,1,0.8403361344537815,1,0,0.0
synth_sea_abrupt,GRU,33,0.1,0.0,0.0,0.0,0.0,1.0,1.0,1.0,1,1,2,0,109,109,0,119,1,0.8403361344537815,1,0,0.0
synth_sea_abrupt,GRU,33,0.15,0.0,0.0,0.0,0.0,1.0,1.0,1.0,1,1,2,0,109,109,0,119,1,0.8403361344537815,1,0,0.0
synth_sea_abrupt,GRU,33,0.2,0.0,0.0,0.0,0.0,1.0,1.0,1.0,1,1,2,0,109,109,0,119,1,0.8403361344537815,1,0,0.0
synth_sea_abrupt,GRU,33,0.25,0.0,0.0,0.0,0.0,1.0,1.0,1.0,1,1,2,0,109,109,0,119,1,0.8403361344537815,1,0,0.0
synth_sea_abrupt,GRU,33,0.3,0.0,0.0,0.0,0.0,1.0,1.0,1.0,1,1,2,0,109,109,0,119,1,0.8403361344537815,1,0,0.0
synth_sea_abrupt,GRU,33,0.35,0.0,0.0,0.0,0.0,1.0,1.0,1.0,1,1,2,0,109,109,0,119,1,0.8403361344537815,1,0,0.0
synth_sea_abrupt,GRU,33,0.39999999999999997,0.0,0.0,0.0,0.0,1.0,1.0,1.0,1,1,2,0,109,109,0,119,1,0.8403361344537815,1,0,0.0
synth_sea_abrupt,GRU,33,0.44999999999999996,0.0,0.0,0.0,0.0,1.0,0.9724770642201835,1.0,1,1,2,0,109,106,0,119,1,0.8403361344537815,1,0,0.0
synth_sea_abrupt,GRU,33,0.49999999999999994,3.0,3.0,0.0,0.5,0.5,0.12844036697247707,0.8333333333333334,6,5,2,1,109,14,3,119,6,5.042016806722689,5,1,0.16666666666666666
synth_sea_abrupt,GRU,33,0.5499999999999999,0.0,0.0,0.0,0.0,1.0,0.0,0.0,0,0,2,0,109,0,0,119,0,0.0,0,0,0.0
synth_sea_abrupt,GRU,33,0.6,0.0,0.0,0.0,0.0,1.0,0.0,0.0,0,0,2,0,109,0,0,119,0,0.0,0,0,0.0
synth_sea_abrupt,GRU,33,0.65,0.0,0.0,0.0,0.0,1.0,0.0,0.0,0,0,2,0,109,0,0,119,0,0.0,0,0,0.0
synth_sea_abrupt,GRU,33,0.7,0.0,0.0,0.0,0.0,1.0,0.0,0.0,0,0,2,0,109,0,0,119,0,0.0,0,0,0.0
synth_sea_abrupt,GRU,33,0.75,0.0,0.0,0.0,0.0,1.0,0.0,0.0,0,0,2,0,109,0,0,119,0,0.0,0,0,0.0
synth_sea_abrupt,GRU,33,0.7999999999999999,0.0,0.0,0.0,0.0,1.0,0.0,0.0,0,0,2,0,109,0,0,119,0,0.0,0,0,0.0
synth_sea_abrupt,GRU,33,0.85,0.0,0.0,0.0,0.0,1.0,0.0,0.0,0,0,2,0,109,0,0,119,0,0.0,0,0,0.0
synth_sea_abrupt,GRU,33,0.9,0.0,0.0,0.0,0.0,1.0,0.0,0.0,0,0,2,0,109,0,0,119,0,0.0,0,0,0.0
synth_sea_abrupt,GRU,33,0.95,0.0,0.0,0.0,0.0,1.0,0.0,0.0,0,0,2,0,109,0,0,119,0,0.0,0,0,0.0
synth_sea_abrupt,TRANSFORMER,11,0.05,0.0,0.0,0.0,0.0,1.0,1.0,1.0,1,1,2,0,109,109,0,119,1,0.8403361344537815,1,0,0.0
synth_sea_abrupt,TRANSFORMER,11,0.1,0.0,0.0,0.0,0.0,1.0,1.0,1.0,1,1,2,0,109,109,0,119,1,0.8403361344537815,1,0,0.0
synth_sea_abrupt,TRANSFORMER,11,0.15,0.0,0.0,0.0,0.0,1.0,1.0,1.0,1,1,2,0,109,109,0,119,1,0.8403361344537815,1,0,0.0
synth_sea_abrupt,TRANSFORMER,11,0.2,0.0,0.0,0.0,0.0,1.0,1.0,1.0,1,1,2,0,109,109,0,119,1,0.8403361344537815,1,0,0.0
synth_sea_abrupt,TRANSFORMER,11,0.25,0.0,0.0,0.0,0.0,1.0,0.9908256880733946,1.0,1,1,2,0,109,108,0,119,1,0.8403361344537815,1,0,0.0
synth_sea_abrupt,TRANSFORMER,11,0.3,0.0,0.0,0.0,0.0,1.0,0.8990825688073395,1.0,1,1,2,0,109,98,0,119,1,0.8403361344537815,1,0,0.0
synth_sea_abrupt,TRANSFORMER,11,0.35,0.0,0.0,0.0,0.0,1.0,0.6880733944954128,1.0,1,1,2,0,109,75,0,119,1,0.8403361344537815,1,0,0.0
synth_sea_abrupt,TRANSFORMER,11,0.39999999999999997,0.0,0.0,0.0,0.0,1.0,0.48623853211009177,1.0,3,3,2,0,109,53,0,119,3,2.5210084033613445,3,0,0.0
synth_sea_abrupt,TRANSFORMER,11,0.44999999999999996,0.0,0.0,0.0,0.0,1.0,0.3302752293577982,1.0,5,5,2,0,109,36,0,119,5,4.201680672268908,5,0,0.0
synth_sea_abrupt,TRANSFORMER,11,0.49999999999999994,5.0,5.0,0.0,0.5,0.5,0.10091743119266056,0.9,10,9,2,1,109,11,5,119,10,8.403361344537815,9,1,0.1
synth_sea_abrupt,TRANSFORMER,11,0.5499999999999999,0.0,0.0,0.0,0.0,1.0,0.01834862385321101,1.0,2,2,2,0,109,2,0,119,2,1.680672268907563,2,0,0.0
synth_sea_abrupt,TRANSFORMER,11,0.6,0.0,0.0,0.0,0.0,1.0,0.009174311926605505,1.0,1,1,2,0,109,1,0,119,1,0.8403361344537815,1,0,0.0
synth_sea_abrupt,TRANSFORMER,11,0.65,0.0,0.0,0.0,0.0,1.0,0.0,0.0,0,0,2,0,109,0,0,119,0,0.0,0,0,0.0
synth_sea_abrupt,TRANSFORMER,11,0.7,0.0,0.0,0.0,0.0,1.0,0.0,0.0,0,0,2,0,109,0,0,119,0,0.0,0,0,0.0
synth_sea_abrupt,TRANSFORMER,11,0.75,0.0,0.0,0.0,0.0,1.0,0.0,0.0,0,0,2,0,109,0,0,119,0,0.0,0,0,0.0
synth_sea_abrupt,TRANSFORMER,11,0.7999999999999999,0.0,0.0,0.0,0.0,1.0,0.0,0.0,0,0,2,0,109,0,0,119,0,0.0,0,0,0.0
synth_sea_abrupt,TRANSFORMER,11,0.85,0.0,0.0,0.0,0.0,1.0,0.0,0.0,0,0,2,0,109,0,0,119,0,0.0,0,0,0.0
synth_sea_abrupt,TRANSFORMER,11,0.9,0.0,0.0,0.0,0.0,1.0,0.0,0.0,0,0,2,0,109,0,0,119,0,0.0,0,0,0.0
synth_sea_abrupt,TRANSFORMER,11,0.95,0.0,0.0,0.0,0.0,1.0,0.0,0.0,0,0,2,0,109,0,0,119,0,0.0,0,0,0.0
synth_sea_abrupt,TRANSFORMER,22,0.05,0.0,0.0,0.0,0.0,1.0,1.0,1.0,1,1,2,0,109,109,0,119,1,0.8403361344537815,1,0,0.0
synth_sea_abrupt,TRANSFORMER,22,0.1,0.0,0.0,0.0,0.0,1.0,1.0,1.0,1,1,2,0,109,109,0,119,1,0.8403361344537815,1,0,0.0
synth_sea_abrupt,TRANSFORMER,22,0.15,0.0,0.0,0.0,0.0,1.0,1.0,1.0,1,1,2,0,109,109,0,119,1,0.8403361344537815,1,0,0.0
synth_sea_abrupt,TRANSFORMER,22,0.2,0.0,0.0,0.0,0.0,1.0,0.9908256880733946,1.0,1,1,2,0,109,108,0,119,1,0.8403361344537815,1,0,0.0
synth_sea_abrupt,TRANSFORMER,22,0.25,0.0,0.0,0.0,0.0,1.0,0.944954128440367,1.0,1,1,2,0,109,103,0,119,1,0.8403361344537815,1,0,0.0
synth_sea_abrupt,TRANSFORMER,22,0.3,0.0,0.0,0.0,0.0,1.0,0.8256880733944955,1.0,1,1,2,0,109,90,0,119,1,0.8403361344537815,1,0,0.0
synth_sea_abrupt,TRANSFORMER,22,0.35,0.0,0.0,0.0,0.0,1.0,0.5596330275229358,1.0,3,3,2,0,109,61,0,119,3,2.5210084033613445,3,0,0.0
synth_sea_abrupt,TRANSFORMER,22,0.39999999999999997,1.0,1.0,0.0,0.5,0.5,0.1743119266055046,0.9,10,9,2,1,109,19,1,119,10,8.403361344537815,9,1,0.1
synth_sea_abrupt,TRANSFORMER,22,0.44999999999999996,0.0,0.0,0.0,0.0,1.0,0.07339449541284404,1.0,5,5,2,0,109,8,0,119,5,4.201680672268908,5,0,0.0
synth_sea_abrupt,TRANSFORMER,22,0.49999999999999994,0.0,0.0,0.0,0.0,1.0,0.0,0.0,0,0,2,0,109,0,0,119,0,0.0,0,0,0.0
synth_sea_abrupt,TRANSFORMER,22,0.5499999999999999,0.0,0.0,0.0,0.0,1.0,0.0,0.0,0,0,2,0,109,0,0,119,0,0.0,0,0,0.0
synth_sea_abrupt,TRANSFORMER,22,0.6,0.0,0.0,0.0,0.0,1.0,0.0,0.0,0,0,2,0,109,0,0,119,0,0.0,0,0,0.0
synth_sea_abrupt,TRANSFORMER,22,0.65,0.0,0.0,0.0,0.0,1.0,0.0,0.0,0,0,2,0,109,0,0,119,0,0.0,0,0,0.0
synth_sea_abrupt,TRANSFORMER,22,0.7,0.0,0.0,0.0,0.0,1.0,0.0,0.0,0,0,2,0,109,0,0,119,0,0.0,0,0,0.0
synth_sea_abrupt,TRANSFORMER,22,0.75,0.0,0.0,0.0,0.0,1.0,0.0,0.0,0,0,2,0,109,0,0,119,0,0.0,0,0,0.0
synth_sea_abrupt,TRANSFORMER,22,0.7999999999999999,0.0,0.0,0.0,0.0,1.0,0.0,0.0,0,0,2,0,109,0,0,119,0,0.0,0,0,0.0
synth_sea_abrupt,TRANSFORMER,22,0.85,0.0,0.0,0.0,0.0,1.0,0.0,0.0,0,0,2,0,109,0,0,119,0,0.0,0,0,0.0
synth_sea_abrupt,TRANSFORMER,22,0.9,0.0,0.0,0.0,0.0,1.0,0.0,0.0,0,0,2,0,109,0,0,119,0,0.0,0,0,0.0
synth_sea_abrupt,TRANSFORMER,22,0.95,0.0,0.0,0.0,0.0,1.0,0.0,0.0,0,0,2,0,109,0,0,119,0,0.0,0,0,0.0
synth_sea_abrupt,TRANSFORMER,33,0.05,0.0,0.0,0.0,0.0,1.0,1.0,1.0,1,1,2,0,109,109,0,119,1,0.8403361344537815,1,0,0.0
synth_sea_abrupt,TRANSFORMER,33,0.1,0.0,0.0,0.0,0.0,1.0,1.0,1.0,1,1,2,0,109,109,0,119,1,0.8403361344537815,1,0,0.0
synth_sea_abrupt,TRANSFORMER,33,0.15,0.0,0.0,0.0,0.0,1.0,1.0,1.0,1,1,2,0,109,109,0,119,1,0.8403361344537815,1,0,0.0
synth_sea_abrupt,TRANSFORMER,33,0.2,0.0,0.0,0.0,0.0,1.0,0.9724770642201835,1.0,1,1,2,0,109,106,0,119,1,0.8403361344537815,1,0,0.0
synth_sea_abrupt,TRANSFORMER,33,0.25,0.0,0.0,0.0,0.0,1.0,0.908256880733945,1.0,1,1,2,0,109,99,0,119,1,0.8403361344537815,1,0,0.0
synth_sea_abrupt,TRANSFORMER,33,0.3,0.0,0.0,0.0,0.0,1.0,0.8256880733944955,1.0,1,1,2,0,109,90,0,119,1,0.8403361344537815,1,0,0.0
synth_sea_abrupt,TRANSFORMER,33,0.35,0.0,0.0,0.0,0.0,1.0,0.6880733944954128,1.0,1,1,2,0,109,75,0,119,1,0.8403361344537815,1,0,0.0
synth_sea_abrupt,TRANSFORMER,33,0.39999999999999997,0.0,0.0,0.0,0.0,1.0,0.5045871559633027,1.0,2,2,2,0,109,55,0,119,2,1.680672268907563,2,0,0.0
synth_sea_abrupt,TRANSFORMER,33,0.44999999999999996,3.0,3.0,0.0,1.0,0.0,0.1926605504587156,0.75,8,6,2,2,109,21,6,119,8,6.722689075630252,6,2,0.25
synth_sea_abrupt,TRANSFORMER,33,0.49999999999999994,3.0,3.0,0.0,0.5,0.5,0.11009174311926606,0.8571428571428571,7,6,2,1,109,12,3,119,7,5.882352941176471,6,1,0.14285714285714285
synth_sea_abrupt,TRANSFORMER,33,0.5499999999999999,3.0,3.0,0.0,0.5,0.5,0.027522935779816515,0.6666666666666666,3,2,2,1,109,3,3,119,3,2.5210084033613445,2,1,0.3333333333333333
synth_sea_abrupt,TRANSFORMER,33,0.6,0.0,0.0,0.0,0.0,1.0,0.0,0.0,0,0,2,0,109,0,0,119,0,0.0,0,0,0.0
synth_sea_abrupt,TRANSFORMER,33,0.65,0.0,0.0,0.0,0.0,1.0,0.0,0.0,0,0,2,0,109,0,0,119,0,0.0,0,0,0.0
synth_sea_abrupt,TRANSFORMER,33,0.7,0.0,0.0,0.0,0.0,1.0,0.0,0.0,0,0,2,0,109,0,0,119,0,0.0,0,0,0.0
synth_sea_abrupt,TRANSFORMER,33,0.75,0.0,0.0,0.0,0.0,1.0,0.0,0.0,0,0,2,0,109,0,0,119,0,0.0,0,0,0.0
synth_sea_abrupt,TRANSFORMER,33,0.7999999999999999,0.0,0.0,0.0,0.0,1.0,0.0,0.0,0,0,2,0,109,0,0,119,0,0.0,0,0,0.0
synth_sea_abrupt,TRANSFORMER,33,0.85,0.0,0.0,0.0,0.0,1.0,0.0,0.0,0,0,2,0,109,0,0,119,0,0.0,0,0,0.0
synth_sea_abrupt,TRANSFORMER,33,0.9,0.0,0.0,0.0,0.0,1.0,0.0,0.0,0,0,2,0,109,0,0,119,0,0.0,0,0,0.0
synth_sea_abrupt,TRANSFORMER,33,0.95,0.0,0.0,0.0,0.0,1.0,0.0,0.0,0,0,2,0,109,0,0,119,0,0.0,0,0,0.0
synth_sea_abrupt,LSTM,11,0.05,0.0,0.0,0.0,0.0,1.0,1.0,1.0,1,1,2,0,109,109,0,119,1,0.8403361344537815,1,0,0.0
synth_sea_abrupt,LSTM,11,0.1,0.0,0.0,0.0,0.0,1.0,1.0,1.0,1,1,2,0,109,109,0,119,1,0.8403361344537815,1,0,0.0
synth_sea_abrupt,LSTM,11,0.15,0.0,0.0,0.0,0.0,1.0,1.0,1.0,1,1,2,0,109,109,0,119,1,0.8403361344537815,1,0,0.0
synth_sea_abrupt,LSTM,11,0.2,0.0,0.0,0.0,0.0,1.0,1.0,1.0,1,1,2,0,109,109,0,119,1,0.8403361344537815,1,0,0.0
synth_sea_abrupt,LSTM,11,0.25,0.0,0.0,0.0,0.0,1.0,1.0,1.0,1,1,2,0,109,109,0,119,1,0.8403361344537815,1,0,0.0
synth_sea_abrupt,LSTM,11,0.3,0.0,0.0,0.0,0.0,1.0,1.0,1.0,1,1,2,0,109,109,0,119,1,0.8403361344537815,1,0,0.0
synth_sea_abrupt,LSTM,11,0.35,0.0,0.0,0.0,0.0,1.0,1.0,1.0,1,1,2,0,109,109,0,119,1,0.8403361344537815,1,0,0.0
synth_sea_abrupt,LSTM,11,0.39999999999999997,0.0,0.0,0.0,0.0,1.0,1.0,1.0,1,1,2,0,109,109,0,119,1,0.8403361344537815,1,0,0.0
synth_sea_abrupt,LSTM,11,0.44999999999999996,0.0,0.0,0.0,0.0,1.0,1.0,1.0,1,1,2,0,109,109,0,119,1,0.8403361344537815,1,0,0.0
synth_sea_abrupt,LSTM,11,0.49999999999999994,5.0,5.0,0.0,0.5,0.5,0.14678899082568808,0.8888888888888888,9,8,2,1,109,16,5,119,9,7.563025210084033,8,1,0.1111111111111111
synth_sea_abrupt,LSTM,11,0.5499999999999999,0.0,0.0,0.0,0.0,1.0,0.0,0.0,0,0,2,0,109,0,0,119,0,0.0,0,0,0.0
synth_sea_abrupt,LSTM,11,0.6,0.0,0.0,0.0,0.0,1.0,0.0,0.0,0,0,2,0,109,0,0,119,0,0.0,0,0,0.0
synth_sea_abrupt,LSTM,11,0.65,0.0,0.0,0.0,0.0,1.0,0.0,0.0,0,0,2,0,109,0,0,119,0,0.0,0,0,0.0
synth_sea_abrupt,LSTM,11,0.7,0.0,0.0,0.0,0.0,1.0,0.0,0.0,0,0,2,0,109,0,0,119,0,0.0,0,0,0.0
synth_sea_abrupt,LSTM,11,0.75,0.0,0.0,0.0,0.0,1.0,0.0,0.0,0,0,2,0,109,0,0,119,0,0.0,0,0,0.0
synth_sea_abrupt,LSTM,11,0.7999999999999999,0.0,0.0,0.0,0.0,1.0,0.0,0.0,0,0,2,0,109,0,0,119,0,0.0,0,0,0.0
synth_sea_abrupt,LSTM,11,0.85,0.0,0.0,0.0,0.0,1.0,0.0,0.0,0,0,2,0,109,0,0,119,0,0.0,0,0,0.0
synth_sea_abrupt,LSTM,11,0.9,0.0,0.0,0.0,0.0,1.0,0.0,0.0,0,0,2,0,109,0,0,119,0,0.0,0,0,0.0
synth_sea_abrupt,LSTM,11,0.95,0.0,0.0,0.0,0.0,1.0,0.0,0.0,0,0,2,0,109,0,0,119,0,0.0,0,0,0.0
synth_sea_abrupt,LSTM,22,0.05,0.0,0.0,0.0,0.0,1.0,1.0,1.0,1,1,2,0,109,109,0,119,1,0.8403361344537815,1,0,0.0
synth_sea_abrupt,LSTM,22,0.1,0.0,0.0,0.0,0.0,1.0,1.0,1.0,1,1,2,0,109,109,0,119,1,0.8403361344537815,1,0,0.0
synth_sea_abrupt,LSTM,22,0.15,0.0,0.0,0.0,0.0,1.0,1.0,1.0,1,1,2,0,109,109,0,119,1,0.8403361344537815,1,0,0.0
synth_sea_abrupt,LSTM,22,0.2,0.0,0.0,0.0,0.0,1.0,1.0,1.0,1,1,2,0,109,109,0,119,1,0.8403361344537815,1,0,0.0
synth_sea_abrupt,LSTM,22,0.25,0.0,0.0,0.0,0.0,1.0,1.0,1.0,1,1,2,0,109,109,0,119,1,0.8403361344537815,1,0,0.0
synth_sea_abrupt,LSTM,22,0.3,0.0,0.0,0.0,0.0,1.0,1.0,1.0,1,1,2,0,109,109,0,119,1,0.8403361344537815,1,0,0.0
synth_sea_abrupt,LSTM,22,0.35,0.0,0.0,0.0,0.0,1.0,1.0,1.0,1,1,2,0,109,109,0,119,1,0.8403361344537815,1,0,0.0
synth_sea_abrupt,LSTM,22,0.39999999999999997,0.0,0.0,0.0,0.0,1.0,1.0,1.0,1,1,2,0,109,109,0,119,1,0.8403361344537815,1,0,0.0
synth_sea_abrupt,LSTM,22,0.44999999999999996,0.0,0.0,0.0,0.0,1.0,0.9724770642201835,1.0,1,1,2,0,109,106,0,119,1,0.8403361344537815,1,0,0.0
synth_sea_abrupt,LSTM,22,0.49999999999999994,0.0,0.0,0.0,0.0,1.0,0.03669724770642202,1.0,4,4,2,0,109,4,0,119,4,3.361344537815126,4,0,0.0
synth_sea_abrupt,LSTM,22,0.5499999999999999,0.0,0.0,0.0,0.0,1.0,0.0,0.0,0,0,2,0,109,0,0,119,0,0.0,0,0,0.0
synth_sea_abrupt,LSTM,22,0.6,0.0,0.0,0.0,0.0,1.0,0.0,0.0,0,0,2,0,109,0,0,119,0,0.0,0,0,0.0
synth_sea_abrupt,LSTM,22,0.65,0.0,0.0,0.0,0.0,1.0,0.0,0.0,0,0,2,0,109,0,0,119,0,0.0,0,0,0.0
synth_sea_abrupt,LSTM,22,0.7,0.0,0.0,0.0,0.0,1.0,0.0,0.0,0,0,2,0,109,0,0,119,0,0.0,0,0,0.0
synth_sea_abrupt,LSTM,22,0.75,0.0,0.0,0.0,0.0,1.0,0.0,0.0,0,0,2,0,109,0,0,119,0,0.0,0,0,0.0
synth_sea_abrupt,LSTM,22,0.7999999999999999,0.0,0.0,0.0,0.0,1.0,0.0,0.0,0,0,2,0,109,0,0,119,0,0.0,0,0,0.0
synth_sea_abrupt,LSTM,22,0.85,0.0,0.0,0.0,0.0,1.0,0.0,0.0,0,0,2,0,109,0,0,119,0,0.0,0,0,0.0
synth_sea_abrupt,LSTM,22,0.9,0.0,0.0,0.0,0.0,1.0,0.0,0.0,0,0,2,0,109,0,0,119,0,0.0,0,0,0.0
synth_sea_abrupt,LSTM,22,0.95,0.0,0.0,0.0,0.0,1.0,0.0,0.0,0,0,2,0,109,0,0,119,0,0.0,0,0,0.0
synth_sea_abrupt,LSTM,33,0.05,0.0,0.0,0.0,0.0,1.0,1.0,1.0,1,1,2,0,109,109,0,119,1,0.8403361344537815,1,0,0.0
synth_sea_abrupt,LSTM,33,0.1,0.0,0.0,0.0,0.0,1.0,1.0,1.0,1,1,2,0,109,109,0,119,1,0.8403361344537815,1,0,0.0
synth_sea_abrupt,LSTM,33,0.15,0.0,0.0,0.0,0.0,1.0,1.0,1.0,1,1,2,0,109,109,0,119,1,0.8403361344537815,1,0,0.0
synth_sea_abrupt,LSTM,33,0.2,0.0,0.0,0.0,0.0,1.0,1.0,1.0,1,1,2,0,109,109,0,119,1,0.8403361344537815,1,0,0.0
synth_sea_abrupt,LSTM,33,0.25,0.0,0.0,0.0,0.0,1.0,1.0,1.0,1,1,2,0,109,109,0,119,1,0.8403361344537815,1,0,0.0
synth_sea_abrupt,LSTM,33,0.3,0.0,0.0,0.0,0.0,1.0,1.0,1.0,1,1,2,0,109,109,0,119,1,0.8403361344537815,1,0,0.0
synth_sea_abrupt,LSTM,33,0.35,0.0,0.0,0.0,0.0,1.0,1.0,1.0,1,1,2,0,109,109,0,119,1,0.8403361344537815,1,0,0.0
synth_sea_abrupt,LSTM,33,0.39999999999999997,0.0,0.0,0.0,0.0,1.0,1.0,1.0,1,1,2,0,109,109,0,119,1,0.8403361344537815,1,0,0.0
synth_sea_abrupt,LSTM,33,0.44999999999999996,0.0,0.0,0.0,0.0,1.0,1.0,1.0,1,1,2,0,109,109,0,119,1,0.8403361344537815,1,0,0.0
synth_sea_abrupt,LSTM,33,0.49999999999999994,0.0,0.0,0.0,0.0,1.0,0.9724770642201835,1.0,1,1,2,0,109,106,0,119,1,0.8403361344537815,1,0,0.0
synth_sea_abrupt,LSTM,33,0.5499999999999999,0.0,0.0,0.0,0.0,1.0,0.027522935779816515,1.0,2,2,2,0,109,3,0,119,2,1.680672268907563,2,0,0.0
synth_sea_abrupt,LSTM,33,0.6,0.0,0.0,0.0,0.0,1.0,0.0,0.0,0,0,2,0,109,0,0,119,0,0.0,0,0,0.0
synth_sea_abrupt,LSTM,33,0.65,0.0,0.0,0.0,0.0,1.0,0.0,0.0,0,0,2,0,109,0,0,119,0,0.0,0,0,0.0
synth_sea_abrupt,LSTM,33,0.7,0.0,0.0,0.0,0.0,1.0,0.0,0.0,0,0,2,0,109,0,0,119,0,0.0,0,0,0.0
synth_sea_abrupt,LSTM,33,0.75,0.0,0.0,0.0,0.0,1.0,0.0,0.0,0,0,2,0,109,0,0,119,0,0.0,0,0,0.0
synth_sea_abrupt,LSTM,33,0.7999999999999999,0.0,0.0,0.0,0.0,1.0,0.0,0.0,0,0,2,0,109,0,0,119,0,0.0,0,0,0.0
synth_sea_abrupt,LSTM,33,0.85,0.0,0.0,0.0,0.0,1.0,0.0,0.0,0,0,2,0,109,0,0,119,0,0.0,0,0,0.0
synth_sea_abrupt,LSTM,33,0.9,0.0,0.0,0.0,0.0,1.0,0.0,0.0,0,0,2,0,109,0,0,119,0,0.0,0,0,0.0
synth_sea_abrupt,LSTM,33,0.95,0.0,0.0,0.0,0.0,1.0,0.0,0.0,0,0,2,0,109,0,0,119,0,0.0,0,0,0.0
synth_sea_abrupt,LOGISTIC REGRESSION,11,0.05,0.0,0.0,0.0,0.0,1.0,0.926605504587156,1.0,1,1,2,0,109,101,0,119,1,0.8403361344537815,1,0,0.0
synth_sea_abrupt,LOGISTIC REGRESSION,11,0.1,0.0,0.0,0.0,0.0,1.0,0.926605504587156,1.0,1,1,2,0,109,101,0,119,1,0.8403361344537815,1,0,0.0
synth_sea_abrupt,LOGISTIC REGRESSION,11,0.15,0.0,0.0,0.0,0.0,1.0,0.926605504587156,1.0,1,1,2,0,109,101,0,119,1,0.8403361344537815,1,0,0.0
synth_sea_abrupt,LOGISTIC REGRESSION,11,0.2,0.0,0.0,0.0,0.0,1.0,0.926605504587156,1.0,1,1,2,0,109,101,0,119,1,0.8403361344537815,1,0,0.0
synth_sea_abrupt,LOGISTIC REGRESSION,11,0.25,0.0,0.0,0.0,0.0,1.0,0.908256880733945,1.0,1,1,2,0,109,99,0,119,1,0.8403361344537815,1,0,0.0
synth_sea_abrupt,LOGISTIC REGRESSION,11,0.3,0.0,0.0,0.0,0.0,1.0,0.8348623853211009,1.0,1,1,2,0,109,91,0,119,1,0.8403361344537815,1,0,0.0
synth_sea_abrupt,LOGISTIC REGRESSION,11,0.35,0.0,0.0,0.0,0.0,1.0,0.8073394495412844,1.0,1,1,2,0,109,88,0,119,1,0.8403361344537815,1,0,0.0
synth_sea_abrupt,LOGISTIC REGRESSION,11,0.39999999999999997,0.0,0.0,0.0,0.0,1.0,0.7247706422018348,1.0,1,1,2,0,109,79,0,119,1,0.8403361344537815,1,0,0.0
synth_sea_abrupt,LOGISTIC REGRESSION,11,0.44999999999999996,0.0,0.0,0.0,0.0,1.0,0.6422018348623854,1.0,1,1,2,0,109,70,0,119,1,0.8403361344537815,1,0,0.0
synth_sea_abrupt,LOGISTIC REGRESSION,11,0.49999999999999994,0.0,0.0,0.0,0.0,1.0,0.44036697247706424,1.0,1,1,2,0,109,48,0,119,1,0.8403361344537815,1,0,0.0
synth_sea_abrupt,LOGISTIC REGRESSION,11,0.5499999999999999,0.0,0.0,0.0,0.0,1.0,0.30275229357798167,1.0,3,3,2,0,109,33,0,119,3,2.5210084033613445,3,0,0.0
synth_sea_abrupt,LOGISTIC REGRESSION,11,0.6,0.0,0.0,0.0,0.0,1.0,0.1743119266055046,1.0,8,8,2,0,109,19,0,119,8,6.722689075630252,8,0,0.0
synth_sea_abrupt,LOGISTIC REGRESSION,11,0.65,3.0,3.0,0.0,0.5,0.5,0.14678899082568808,0.8888888888888888,9,8,2,1,109,16,3,119,9,7.563025210084033,8,1,0.1111111111111111
synth_sea_abrupt,LOGISTIC REGRESSION,11,0.7,3.0,3.0,0.0,0.5,0.5,0.08256880733944955,0.8571428571428571,7,6,2,1,109,9,3,119,7,5.882352941176471,6,1,0.14285714285714285
synth_sea_abrupt,LOGISTIC REGRESSION,11,0.75,3.0,3.0,0.0,0.5,0.5,0.027522935779816515,0.75,4,3,2,1,109,3,3,119,4,3.361344537815126,3,1,0.25
synth_sea_abrupt,LOGISTIC REGRESSION,11,0.7999999999999999,0.0,0.0,0.0,0.0,1.0,0.01834862385321101,1.0,2,2,2,0,109,2,0,119,2,1.680672268907563,2,0,0.0
synth_sea_abrupt,LOGISTIC REGRESSION,11,0.85,0.0,0.0,0.0,0.0,1.0,0.0,0.0,0,0,2,0,109,0,0,119,0,0.0,0,0,0.0
synth_sea_abrupt,LOGISTIC REGRESSION,11,0.9,0.0,0.0,0.0,0.0,1.0,0.0,0.0,0,0,2,0,109,0,0,119,0,0.0,0,0,0.0
synth_sea_abrupt,LOGISTIC REGRESSION,11,0.95,0.0,0.0,0.0,0.0,1.0,0.0,0.0,0,0,2,0,109,0,0,119,0,0.0,0,0,0.0
synth_sea_abrupt,LOGISTIC REGRESSION,22,0.05,0.0,0.0,0.0,0.0,1.0,0.926605504587156,1.0,1,1,2,0,109,101,0,119,1,0.8403361344537815,1,0,0.0
synth_sea_abrupt,LOGISTIC REGRESSION,22,0.1,0.0,0.0,0.0,0.0,1.0,0.926605504587156,1.0,1,1,2,0,109,101,0,119,1,0.8403361344537815,1,0,0.0
synth_sea_abrupt,LOGISTIC REGRESSION,22,0.15,0.0,0.0,0.0,0.0,1.0,0.926605504587156,1.0,1,1,2,0,109,101,0,119,1,0.8403361344537815,1,0,0.0
synth_sea_abrupt,LOGISTIC REGRESSION,22,0.2,0.0,0.0,0.0,0.0,1.0,0.926605504587156,1.0,1,1,2,0,109,101,0,119,1,0.8403361344537815,1,0,0.0
synth_sea_abrupt,LOGISTIC REGRESSION,22,0.25,0.0,0.0,0.0,0.0,1.0,0.908256880733945,1.0,1,1,2,0,109,99,0,119,1,0.8403361344537815,1,0,0.0
synth_sea_abrupt,LOGISTIC REGRESSION,22,0.3,0.0,0.0,0.0,0.0,1.0,0.8348623853211009,1.0,1,1,2,0,109,91,0,119,1,0.8403361344537815,1,0,0.0
synth_sea_abrupt,LOGISTIC REGRESSION,22,0.35,0.0,0.0,0.0,0.0,1.0,0.8073394495412844,1.0,1,1,2,0,109,88,0,119,1,0.8403361344537815,1,0,0.0
synth_sea_abrupt,LOGISTIC REGRESSION,22,0.39999999999999997,0.0,0.0,0.0,0.0,1.0,0.7247706422018348,1.0,1,1,2,0,109,79,0,119,1,0.8403361344537815,1,0,0.0
synth_sea_abrupt,LOGISTIC REGRESSION,22,0.44999999999999996,0.0,0.0,0.0,0.0,1.0,0.6422018348623854,1.0,1,1,2,0,109,70,0,119,1,0.8403361344537815,1,0,0.0
synth_sea_abrupt,LOGISTIC REGRESSION,22,0.49999999999999994,0.0,0.0,0.0,0.0,1.0,0.44036697247706424,1.0,1,1,2,0,109,48,0,119,1,0.8403361344537815,1,0,0.0
synth_sea_abrupt,LOGISTIC REGRESSION,22,0.5499999999999999,0.0,0.0,0.0,0.0,1.0,0.30275229357798167,1.0,3,3,2,0,109,33,0,119,3,2.5210084033613445,3,0,0.0
synth_sea_abrupt,LOGISTIC REGRESSION,22,0.6,0.0,0.0,0.0,0.0,1.0,0.1743119266055046,1.0,8,8,2,0,109,19,0,119,8,6.722689075630252,8,0,0.0
synth_sea_abrupt,LOGISTIC REGRESSION,22,0.65,3.0,3.0,0.0,0.5,0.5,0.14678899082568808,0.8888888888888888,9,8,2,1,109,16,3,119,9,7.563025210084033,8,1,0.1111111111111111
synth_sea_abrupt,LOGISTIC REGRESSION,22,0.7,3.0,3.0,0.0,0.5,0.5,0.08256880733944955,0.8571428571428571,7,6,2,1,109,9,3,119,7,5.882352941176471,6,1,0.14285714285714285
synth_sea_abrupt,LOGISTIC REGRESSION,22,0.75,3.0,3.0,0.0,0.5,0.5,0.027522935779816515,0.75,4,3,2,1,109,3,3,119,4,3.361344537815126,3,1,0.25
synth_sea_abrupt,LOGISTIC REGRESSION,22,0.7999999999999999,0.0,0.0,0.0,0.0,1.0,0.01834862385321101,1.0,2,2,2,0,109,2,0,119,2,1.680672268907563,2,0,0.0
synth_sea_abrupt,LOGISTIC REGRESSION,22,0.85,0.0,0.0,0.0,0.0,1.0,0.0,0.0,0,0,2,0,109,0,0,119,0,0.0,0,0,0.0
synth_sea_abrupt,LOGISTIC REGRESSION,22,0.9,0.0,0.0,0.0,0.0,1.0,0.0,0.0,0,0,2,0,109,0,0,119,0,0.0,0,0,0.0
synth_sea_abrupt,LOGISTIC REGRESSION,22,0.95,0.0,0.0,0.0,0.0,1.0,0.0,0.0,0,0,2,0,109,0,0,119,0,0.0,0,0,0.0
synth_sea_abrupt,LOGISTIC REGRESSION,33,0.05,0.0,0.0,0.0,0.0,1.0,0.926605504587156,1.0,1,1,2,0,109,101,0,119,1,0.8403361344537815,1,0,0.0
synth_sea_abrupt,LOGISTIC REGRESSION,33,0.1,0.0,0.0,0.0,0.0,1.0,0.926605504587156,1.0,1,1,2,0,109,101,0,119,1,0.8403361344537815,1,0,0.0
synth_sea_abrupt,LOGISTIC REGRESSION,33,0.15,0.0,0.0,0.0,0.0,1.0,0.926605504587156,1.0,1,1,2,0,109,101,0,119,1,0.8403361344537815,1,0,0.0
synth_sea_abrupt,LOGISTIC REGRESSION,33,0.2,0.0,0.0,0.0,0.0,1.0,0.926605504587156,1.0,1,1,2,0,109,101,0,119,1,0.8403361344537815,1,0,0.0
synth_sea_abrupt,LOGISTIC REGRESSION,33,0.25,0.0,0.0,0.0,0.0,1.0,0.908256880733945,1.0,1,1,2,0,109,99,0,119,1,0.8403361344537815,1,0,0.0
synth_sea_abrupt,LOGISTIC REGRESSION,33,0.3,0.0,0.0,0.0,0.0,1.0,0.8348623853211009,1.0,1,1,2,0,109,91,0,119,1,0.8403361344537815,1,0,0.0
synth_sea_abrupt,LOGISTIC REGRESSION,33,0.35,0.0,0.0,0.0,0.0,1.0,0.8073394495412844,1.0,1,1,2,0,109,88,0,119,1,0.8403361344537815,1,0,0.0
synth_sea_abrupt,LOGISTIC REGRESSION,33,0.39999999999999997,0.0,0.0,0.0,0.0,1.0,0.7247706422018348,1.0,1,1,2,0,109,79,0,119,1,0.8403361344537815,1,0,0.0
synth_sea_abrupt,LOGISTIC REGRESSION,33,0.44999999999999996,0.0,0.0,0.0,0.0,1.0,0.6422018348623854,1.0,1,1,2,0,109,70,0,119,1,0.8403361344537815,1,0,0.0
synth_sea_abrupt,LOGISTIC REGRESSION,33,0.49999999999999994,0.0,0.0,0.0,0.0,1.0,0.44036697247706424,1.0,1,1,2,0,109,48,0,119,1,0.8403361344537815,1,0,0.0
synth_sea_abrupt,LOGISTIC REGRESSION,33,0.5499999999999999,0.0,0.0,0.0,0.0,1.0,0.30275229357798167,1.0,3,3,2,0,109,33,0,119,3,2.5210084033613445,3,0,0.0
synth_sea_abrupt,LOGISTIC REGRESSION,33,0.6,0.0,0.0,0.0,0.0,1.0,0.1743119266055046,1.0,8,8,2,0,109,19,0,119,8,6.722689075630252,8,0,0.0
synth_sea_abrupt,LOGISTIC REGRESSION,33,0.65,3.0,3.0,0.0,0.5,0.5,0.14678899082568808,0.8888888888888888,9,8,2,1,109,16,3,119,9,7.563025210084033,8,1,0.1111111111111111
synth_sea_abrupt,LOGISTIC REGRESSION,33,0.7,3.0,3.0,0.0,0.5,0.5,0.08256880733944955,0.8571428571428571,7,6,2,1,109,9,3,119,7,5.882352941176471,6,1,0.14285714285714285
synth_sea_abrupt,LOGISTIC REGRESSION,33,0.75,3.0,3.0,0.0,0.5,0.5,0.027522935779816515,0.75,4,3,2,1,109,3,3,119,4,3.361344537815126,3,1,0.25
synth_sea_abrupt,LOGISTIC REGRESSION,33,0.7999999999999999,0.0,0.0,0.0,0.0,1.0,0.01834862385321101,1.0,2,2,2,0,109,2,0,119,2,1.680672268907563,2,0,0.0
synth_sea_abrupt,LOGISTIC REGRESSION,33,0.85,0.0,0.0,0.0,0.0,1.0,0.0,0.0,0,0,2,0,109,0,0,119,0,0.0,0,0,0.0
synth_sea_abrupt,LOGISTIC REGRESSION,33,0.9,0.0,0.0,0.0,0.0,1.0,0.0,0.0,0,0,2,0,109,0,0,119,0,0.0,0,0,0.0
synth_sea_abrupt,LOGISTIC REGRESSION,33,0.95,0.0,0.0,0.0,0.0,1.0,0.0,0.0,0,0,2,0,109,0,0,119,0,0.0,0,0,0.0
synth_sea_gradual,GRU,11,0.05,0.0,0.0,0.0,0.0,1.0,1.0,1.0,1,1,2,0,109,109,0,119,1,0.8403361344537815,1,0,0.0
synth_sea_gradual,GRU,11,0.1,0.0,0.0,0.0,0.0,1.0,1.0,1.0,1,1,2,0,109,109,0,119,1,0.8403361344537815,1,0,0.0
synth_sea_gradual,GRU,11,0.15,0.0,0.0,0.0,0.0,1.0,1.0,1.0,1,1,2,0,109,109,0,119,1,0.8403361344537815,1,0,0.0
synth_sea_gradual,GRU,11,0.2,0.0,0.0,0.0,0.0,1.0,1.0,1.0,1,1,2,0,109,109,0,119,1,0.8403361344537815,1,0,0.0
synth_sea_gradual,GRU,11,0.25,0.0,0.0,0.0,0.0,1.0,1.0,1.0,1,1,2,0,109,109,0,119,1,0.8403361344537815,1,0,0.0
synth_sea_gradual,GRU,11,0.3,0.0,0.0,0.0,0.0,1.0,1.0,1.0,1,1,2,0,109,109,0,119,1,0.8403361344537815,1,0,0.0
synth_sea_gradual,GRU,11,0.35,0.0,0.0,0.0,0.0,1.0,1.0,1.0,1,1,2,0,109,109,0,119,1,0.8403361344537815,1,0,0.0
synth_sea_gradual,GRU,11,0.39999999999999997,0.0,0.0,0.0,0.0,1.0,1.0,1.0,1,1,2,0,109,109,0,119,1,0.8403361344537815,1,0,0.0
synth_sea_gradual,GRU,11,0.44999999999999996,0.0,0.0,0.0,0.0,1.0,1.0,1.0,1,1,2,0,109,109,0,119,1,0.8403361344537815,1,0,0.0
synth_sea_gradual,GRU,11,0.49999999999999994,0.0,0.0,0.0,0.0,1.0,0.5412844036697247,1.0,5,5,2,0,109,59,0,119,5,4.201680672268908,5,0,0.0
synth_sea_gradual,GRU,11,0.5499999999999999,0.0,0.0,0.0,0.0,1.0,0.009174311926605505,1.0,1,1,2,0,109,1,0,119,1,0.8403361344537815,1,0,0.0
synth_sea_gradual,GRU,11,0.6,0.0,0.0,0.0,0.0,1.0,0.0,0.0,0,0,2,0,109,0,0,119,0,0.0,0,0,0.0
synth_sea_gradual,GRU,11,0.65,0.0,0.0,0.0,0.0,1.0,0.0,0.0,0,0,2,0,109,0,0,119,0,0.0,0,0,0.0
synth_sea_gradual,GRU,11,0.7,0.0,0.0,0.0,0.0,1.0,0.0,0.0,0,0,2,0,109,0,0,119,0,0.0,0,0,0.0
synth_sea_gradual,GRU,11,0.75,0.0,0.0,0.0,0.0,1.0,0.0,0.0,0,0,2,0,109,0,0,119,0,0.0,0,0,0.0
synth_sea_gradual,GRU,11,0.7999999999999999,0.0,0.0,0.0,0.0,1.0,0.0,0.0,0,0,2,0,109,0,0,119,0,0.0,0,0,0.0
synth_sea_gradual,GRU,11,0.85,0.0,0.0,0.0,0.0,1.0,0.0,0.0,0,0,2,0,109,0,0,119,0,0.0,0,0,0.0
synth_sea_gradual,GRU,11,0.9,0.0,0.0,0.0,0.0,1.0,0.0,0.0,0,0,2,0,109,0,0,119,0,0.0,0,0,0.0
synth_sea_gradual,GRU,11,0.95,0.0,0.0,0.0,0.0,1.0,0.0,0.0,0,0,2,0,109,0,0,119,0,0.0,0,0,0.0
synth_sea_gradual,GRU,22,0.05,0.0,0.0,0.0,0.0,1.0,1.0,1.0,1,1,2,0,109,109,0,119,1,0.8403361344537815,1,0,0.0
synth_sea_gradual,GRU,22,0.1,0.0,0.0,0.0,0.0,1.0,1.0,1.0,1,1,2,0,109,109,0,119,1,0.8403361344537815,1,0,0.0
synth_sea_gradual,GRU,22,0.15,0.0,0.0,0.0,0.0,1.0,1.0,1.0,1,1,2,0,109,109,0,119,1,0.8403361344537815,1,0,0.0
synth_sea_gradual,GRU,22,0.2,0.0,0.0,0.0,0.0,1.0,1.0,1.0,1,1,2,0,109,109,0,119,1,0.8403361344537815,1,0,0.0
synth_sea_gradual,GRU,22,0.25,0.0,0.0,0.0,0.0,1.0,1.0,1.0,1,1,2,0,109,109,0,119,1,0.8403361344537815,1,0,0.0
synth_sea_gradual,GRU,22,0.3,0.0,0.0,0.0,0.0,1.0,1.0,1.0,1,1,2,0,109,109,0,119,1,0.8403361344537815,1,0,0.0
synth_sea_gradual,GRU,22,0.35,0.0,0.0,0.0,0.0,1.0,1.0,1.0,1,1,2,0,109,109,0,119,1,0.8403361344537815,1,0,0.0
synth_sea_gradual,GRU,22,0.39999999999999997,0.0,0.0,0.0,0.0,1.0,1.0,1.0,1,1,2,0,109,109,0,119,1,0.8403361344537815,1,0,0.0
synth_sea_gradual,GRU,22,0.44999999999999996,0.0,0.0,0.0,0.0,1.0,0.8715596330275229,1.0,1,1,2,0,109,95,0,119,1,0.8403361344537815,1,0,0.0
synth_sea_gradual,GRU,22,0.49999999999999994,1.5,1.5,0.5,1.0,0.0,0.12844036697247707,0.7142857142857143,7,5,2,2,109,14,3,119,7,5.882352941176471,5,2,0.2857142857142857
synth_sea_gradual,GRU,22,0.5499999999999999,0.0,0.0,0.0,0.0,1.0,0.009174311926605505,1.0,1,1,2,0,109,1,0,119,1,0.8403361344537815,1,0,0.0
synth_sea_gradual,GRU,22,0.6,0.0,0.0,0.0,0.0,1.0,0.0,0.0,0,0,2,0,109,0,0,119,0,0.0,0,0,0.0
synth_sea_gradual,GRU,22,0.65,0.0,0.0,0.0,0.0,1.0,0.0,0.0,0,0,2,0,109,0,0,119,0,0.0,0,0,0.0
synth_sea_gradual,GRU,22,0.7,0.0,0.0,0.0,0.0,1.0,0.0,0.0,0,0,2,0,109,0,0,119,0,0.0,0,0,0.0
synth_sea_gradual,GRU,22,0.75,0.0,0.0,0.0,0.0,1.0,0.0,0.0,0,0,2,0,109,0,0,119,0,0.0,0,0,0.0
synth_sea_gradual,GRU,22,0.7999999999999999,0.0,0.0,0.0,0.0,1.0,0.0,0.0,0,0,2,0,109,0,0,119,0,0.0,0,0,0.0
synth_sea_gradual,GRU,22,0.85,0.0,0.0,0.0,0.0,1.0,0.0,0.0,0,0,2,0,109,0,0,119,0,0.0,0,0,0.0
synth_sea_gradual,GRU,22,0.9,0.0,0.0,0.0,0.0,1.0,0.0,0.0,0,0,2,0,109,0,0,119,0,0.0,0,0,0.0
synth_sea_gradual,GRU,22,0.95,0.0,0.0,0.0,0.0,1.0,0.0,0.0,0,0,2,0,109,0,0,119,0,0.0,0,0,0.0
synth_sea_gradual,GRU,33,0.05,0.0,0.0,0.0,0.0,1.0,1.0,1.0,1,1,2,0,109,109,0,119,1,0.8403361344537815,1,0,0.0
synth_sea_gradual,GRU,33,0.1,0.0,0.0,0.0,0.0,1.0,1.0,1.0,1,1,2,0,109,109,0,119,1,0.8403361344537815,1,0,0.0
synth_sea_gradual,GRU,33,0.15,0.0,0.0,0.0,0.0,1.0,1.0,1.0,1,1,2,0,109,109,0,119,1,0.8403361344537815,1,0,0.0
synth_sea_gradual,GRU,33,0.2,0.0,0.0,0.0,0.0,1.0,1.0,1.0,1,1,2,0,109,109,0,119,1,0.8403361344537815,1,0,0.0
synth_sea_gradual,GRU,33,0.25,0.0,0.0,0.0,0.0,1.0,1.0,1.0,1,1,2,0,109,109,0,119,1,0.8403361344537815,1,0,0.0
synth_sea_gradual,GRU,33,0.3,0.0,0.0,0.0,0.0,1.0,1.0,1.0,1,1,2,0,109,109,0,119,1,0.8403361344537815,1,0,0.0
synth_sea_gradual,GRU,33,0.35,0.0,0.0,0.0,0.0,1.0,1.0,1.0,1,1,2,0,109,109,0,119,1,0.8403361344537815,1,0,0.0
synth_sea_gradual,GRU,33,0.39999999999999997,0.0,0.0,0.0,0.0,1.0,1.0,1.0,1,1,2,0,109,109,0,119,1,0.8403361344537815,1,0,0.0
synth_sea_gradual,GRU,33,0.44999999999999996,0.0,0.0,0.0,0.0,1.0,0.9908256880733946,1.0,1,1,2,0,109,108,0,119,1,0.8403361344537815,1,0,0.0
synth_sea_gradual,GRU,33,0.49999999999999994,1.0,1.0,0.0,0.5,0.5,0.1834862385321101,0.875,8,7,2,1,109,20,1,119,8,6.722689075630252,7,1,0.125
synth_sea_gradual,GRU,33,0.5499999999999999,0.0,0.0,0.0,0.0,1.0,0.0,0.0,0,0,2,0,109,0,0,119,0,0.0,0,0,0.0
synth_sea_gradual,GRU,33,0.6,0.0,0.0,0.0,0.0,1.0,0.0,0.0,0,0,2,0,109,0,0,119,0,0.0,0,0,0.0
synth_sea_gradual,GRU,33,0.65,0.0,0.0,0.0,0.0,1.0,0.0,0.0,0,0,2,0,109,0,0,119,0,0.0,0,0,0.0
synth_sea_gradual,GRU,33,0.7,0.0,0.0,0.0,0.0,1.0,0.0,0.0,0,0,2,0,109,0,0,119,0,0.0,0,0,0.0
synth_sea_gradual,GRU,33,0.75,0.0,0.0,0.0,0.0,1.0,0.0,0.0,0,0,2,0,109,0,0,119,0,0.0,0,0,0.0
synth_sea_gradual,GRU,33,0.7999999999999999,0.0,0.0,0.0,0.0,1.0,0.0,0.0,0,0,2,0,109,0,0,119,0,0.0,0,0,0.0
synth_sea_gradual,GRU,33,0.85,0.0,0.0,0.0,0.0,1.0,0.0,0.0,0,0,2,0,109,0,0,119,0,0.0,0,0,0.0
synth_sea_gradual,GRU,33,0.9,0.0,0.0,0.0,0.0,1.0,0.0,0.0,0,0,2,0,109,0,0,119,0,0.0,0,0,0.0
synth_sea_gradual,GRU,33,0.95,0.0,0.0,0.0,0.0,1.0,0.0,0.0,0,0,2,0,109,0,0,119,0,0.0,0,0,0.0
synth_sea_gradual,TRANSFORMER,11,0.05,0.0,0.0,0.0,0.0,1.0,1.0,1.0,1,1,2,0,109,109,0,119,1,0.8403361344537815,1,0,0.0
synth_sea_gradual,TRANSFORMER,11,0.1,0.0,0.0,0.0,0.0,1.0,1.0,1.0,1,1,2,0,109,109,0,119,1,0.8403361344537815,1,0,0.0
synth_sea_gradual,TRANSFORMER,11,0.15,0.0,0.0,0.0,0.0,1.0,1.0,1.0,1,1,2,0,109,109,0,119,1,0.8403361344537815,1,0,0.0
synth_sea_gradual,TRANSFORMER,11,0.2,0.0,0.0,0.0,0.0,1.0,1.0,1.0,1,1,2,0,109,109,0,119,1,0.8403361344537815,1,0,0.0
synth_sea_gradual,TRANSFORMER,11,0.25,0.0,0.0,0.0,0.0,1.0,0.9908256880733946,1.0,1,1,2,0,109,108,0,119,1,0.8403361344537815,1,0,0.0
synth_sea_gradual,TRANSFORMER,11,0.3,0.0,0.0,0.0,0.0,1.0,0.944954128440367,1.0,1,1,2,0,109,103,0,119,1,0.8403361344537815,1,0,0.0
synth_sea_gradual,TRANSFORMER,11,0.35,0.0,0.0,0.0,0.0,1.0,0.7614678899082569,1.0,1,1,2,0,109,83,0,119,1,0.8403361344537815,1,0,0.0
synth_sea_gradual,TRANSFORMER,11,0.39999999999999997,0.0,0.0,0.0,0.0,1.0,0.5229357798165137,1.0,2,2,2,0,109,57,0,119,2,1.680672268907563,2,0,0.0
synth_sea_gradual,TRANSFORMER,11,0.44999999999999996,1.0,1.0,0.0,0.5,0.5,0.3119266055045872,0.8333333333333334,6,5,2,1,109,34,1,119,6,5.042016806722689,5,1,0.16666666666666666
synth_sea_gradual,TRANSFORMER,11,0.49999999999999994,2.5,2.5,1.5,1.0,0.0,0.07339449541284404,0.75,8,6,2,2,109,8,5,119,8,6.722689075630252,6,2,0.25
synth_sea_gradual,TRANSFORMER,11,0.5499999999999999,0.0,0.0,0.0,0.0,1.0,0.03669724770642202,1.0,4,4,2,0,109,4,0,119,4,3.361344537815126,4,0,0.0
synth_sea_gradual,TRANSFORMER,11,0.6,0.0,0.0,0.0,0.0,1.0,0.01834862385321101,1.0,2,2,2,0,109,2,0,119,2,1.680672268907563,2,0,0.0
synth_sea_gradual,TRANSFORMER,11,0.65,0.0,0.0,0.0,0.0,1.0,0.0,0.0,0,0,2,0,109,0,0,119,0,0.0,0,0,0.0
synth_sea_gradual,TRANSFORMER,11,0.7,0.0,0.0,0.0,0.0,1.0,0.0,0.0,0,0,2,0,109,0,0,119,0,0.0,0,0,0.0
synth_sea_gradual,TRANSFORMER,11,0.75,0.0,0.0,0.0,0.0,1.0,0.0,0.0,0,0,2,0,109,0,0,119,0,0.0,0,0,0.0
synth_sea_gradual,TRANSFORMER,11,0.7999999999999999,0.0,0.0,0.0,0.0,1.0,0.0,0.0,0,0,2,0,109,0,0,119,0,0.0,0,0,0.0
synth_sea_gradual,TRANSFORMER,11,0.85,0.0,0.0,0.0,0.0,1.0,0.0,0.0,0,0,2,0,109,0,0,119,0,0.0,0,0,0.0
synth_sea_gradual,TRANSFORMER,11,0.9,0.0,0.0,0.0,0.0,1.0,0.0,0.0,0,0,2,0,109,0,0,119,0,0.0,0,0,0.0
synth_sea_gradual,TRANSFORMER,11,0.95,0.0,0.0,0.0,0.0,1.0,0.0,0.0,0,0,2,0,109,0,0,119,0,0.0,0,0,0.0
synth_sea_gradual,TRANSFORMER,22,0.05,0.0,0.0,0.0,0.0,1.0,1.0,1.0,1,1,2,0,109,109,0,119,1,0.8403361344537815,1,0,0.0
synth_sea_gradual,TRANSFORMER,22,0.1,0.0,0.0,0.0,0.0,1.0,1.0,1.0,1,1,2,0,109,109,0,119,1,0.8403361344537815,1,0,0.0
synth_sea_gradual,TRANSFORMER,22,0.15,0.0,0.0,0.0,0.0,1.0,1.0,1.0,1,1,2,0,109,109,0,119,1,0.8403361344537815,1,0,0.0
synth_sea_gradual,TRANSFORMER,22,0.2,0.0,0.0,0.0,0.0,1.0,0.9724770642201835,1.0,1,1,2,0,109,106,0,119,1,0.8403361344537815,1,0,0.0
synth_sea_gradual,TRANSFORMER,22,0.25,0.0,0.0,0.0,0.0,1.0,0.8256880733944955,1.0,1,1,2,0,109,90,0,119,1,0.8403361344537815,1,0,0.0
synth_sea_gradual,TRANSFORMER,22,0.3,0.0,0.0,0.0,0.0,1.0,0.6972477064220184,1.0,3,3,2,0,109,76,0,119,3,2.5210084033613445,3,0,0.0
synth_sea_gradual,TRANSFORMER,22,0.35,0.0,0.0,0.0,0.0,1.0,0.48623853211009177,1.0,3,3,2,0,109,53,0,119,3,2.5210084033613445,3,0,0.0
synth_sea_gradual,TRANSFORMER,22,0.39999999999999997,1.0,1.0,0.0,0.5,0.5,0.21100917431192662,0.8571428571428571,7,6,2,1,109,23,1,119,7,5.882352941176471,6,1,0.14285714285714285
synth_sea_gradual,TRANSFORMER,22,0.44999999999999996,1.0,1.0,0.0,0.5,0.5,0.045871559633027525,0.8333333333333334,6,5,2,1,109,5,1,119,6,5.042016806722689,5,1,0.16666666666666666
synth_sea_gradual,TRANSFORMER,22,0.49999999999999994,0.0,0.0,0.0,0.0,1.0,0.0,0.0,0,0,2,0,109,0,0,119,0,0.0,0,0,0.0
synth_sea_gradual,TRANSFORMER,22,0.5499999999999999,0.0,0.0,0.0,0.0,1.0,0.0,0.0,0,0,2,0,109,0,0,119,0,0.0,0,0,0.0
synth_sea_gradual,TRANSFORMER,22,0.6,0.0,0.0,0.0,0.0,1.0,0.0,0.0,0,0,2,0,109,0,0,119,0,0.0,0,0,0.0
synth_sea_gradual,TRANSFORMER,22,0.65,0.0,0.0,0.0,0.0,1.0,0.0,0.0,0,0,2,0,109,0,0,119,0,0.0,0,0,0.0
synth_sea_gradual,TRANSFORMER,22,0.7,0.0,0.0,0.0,0.0,1.0,0.0,0.0,0,0,2,0,109,0,0,119,0,0.0,0,0,0.0
synth_sea_gradual,TRANSFORMER,22,0.75,0.0,0.0,0.0,0.0,1.0,0.0,0.0,0,0,2,0,109,0,0,119,0,0.0,0,0,0.0
synth_sea_gradual,TRANSFORMER,22,0.7999999999999999,0.0,0.0,0.0,0.0,1.0,0.0,0.0,0,0,2,0,109,0,0,119,0,0.0,0,0,0.0
synth_sea_gradual,TRANSFORMER,22,0.85,0.0,0.0,0.0,0.0,1.0,0.0,0.0,0,0,2,0,109,0,0,119,0,0.0,0,0,0.0
synth_sea_gradual,TRANSFORMER,22,0.9,0.0,0.0,0.0,0.0,1.0,0.0,0.0,0,0,2,0,109,0,0,119,0,0.0,0,0,0.0
synth_sea_gradual,TRANSFORMER,22,0.95,0.0,0.0,0.0,0.0,1.0,0.0,0.0,0,0,2,0,109,0,0,119,0,0.0,0,0,0.0
synth_sea_gradual,TRANSFORMER,33,0.05,0.0,0.0,0.0,0.0,1.0,1.0,1.0,1,1,2,0,109,109,0,119,1,0.8403361344537815,1,0,0.0
synth_sea_gradual,TRANSFORMER,33,0.1,0.0,0.0,0.0,0.0,1.0,1.0,1.0,1,1,2,0,109,109,0,119,1,0.8403361344537815,1,0,0.0
synth_sea_gradual,TRANSFORMER,33,0.15,0.0,0.0,0.0,0.0,1.0,1.0,1.0,1,1,2,0,109,109,0,119,1,0.8403361344537815,1,0,0.0
synth_sea_gradual,TRANSFORMER,33,0.2,0.0,0.0,0.0,0.0,1.0,0.9541284403669725,1.0,1,1,2,0,109,104,0,119,1,0.8403361344537815,1,0,0.0
synth_sea_gradual,TRANSFORMER,33,0.25,0.0,0.0,0.0,0.0,1.0,0.8807339449541285,1.0,1,1,2,0,109,96,0,119,1,0.8403361344537815,1,0,0.0
synth_sea_gradual,TRANSFORMER,33,0.3,0.0,0.0,0.0,0.0,1.0,0.6238532110091743,1.0,1,1,2,0,109,68,0,119,1,0.8403361344537815,1,0,0.0
synth_sea_gradual,TRANSFORMER,33,0.35,1.0,1.0,0.0,0.5,0.5,0.3211009174311927,0.8571428571428571,7,6,2,1,109,35,1,119,7,5.882352941176471,6,1,0.14285714285714285
synth_sea_gradual,TRANSFORMER,33,0.39999999999999997,2.0,2.0,1.0,1.0,0.0,0.05504587155963303,0.7142857142857143,7,5,2,2,109,6,4,119,7,5.882352941176471,5,2,0.2857142857142857
synth_sea_gradual,TRANSFORMER,33,0.44999999999999996,1.0,1.0,0.0,0.5,0.5,0.03669724770642202,0.8,5,4,2,1,109,4,1,119,5,4.201680672268908,4,1,0.2
synth_sea_gradual,TRANSFORMER,33,0.49999999999999994,0.0,0.0,0.0,0.0,1.0,0.009174311926605505,1.0,1,1,2,0,109,1,0,119,1,0.8403361344537815,1,0,0.0
synth_sea_gradual,TRANSFORMER,33,0.5499999999999999,0.0,0.0,0.0,0.0,1.0,0.0,0.0,0,0,2,0,109,0,0,119,0,0.0,0,0,0.0
synth_sea_gradual,TRANSFORMER,33,0.6,0.0,0.0,0.0,0.0,1.0,0.0,0.0,0,0,2,0,109,0,0,119,0,0.0,0,0,0.0
synth_sea_gradual,TRANSFORMER,33,0.65,0.0,0.0,0.0,0.0,1.0,0.0,0.0,0,0,2,0,109,0,0,119,0,0.0,0,0,0.0
synth_sea_gradual,TRANSFORMER,33,0.7,0.0,0.0,0.0,0.0,1.0,0.0,0.0,0,0,2,0,109,0,0,119,0,0.0,0,0,0.0
synth_sea_gradual,TRANSFORMER,33,0.75,0.0,0.0,0.0,0.0,1.0,0.0,0.0,0,0,2,0,109,0,0,119,0,0.0,0,0,0.0
synth_sea_gradual,TRANSFORMER,33,0.7999999999999999,0.0,0.0,0.0,0.0,1.0,0.0,0.0,0,0,2,0,109,0,0,119,0,0.0,0,0,0.0
synth_sea_gradual,TRANSFORMER,33,0.85,0.0,0.0,0.0,0.0,1.0,0.0,0.0,0,0,2,0,109,0,0,119,0,0.0,0,0,0.0
synth_sea_gradual,TRANSFORMER,33,0.9,0.0,0.0,0.0,0.0,1.0,0.0,0.0,0,0,2,0,109,0,0,119,0,0.0,0,0,0.0
synth_sea_gradual,TRANSFORMER,33,0.95,0.0,0.0,0.0,0.0,1.0,0.0,0.0,0,0,2,0,109,0,0,119,0,0.0,0,0,0.0
synth_sea_gradual,LSTM,11,0.05,0.0,0.0,0.0,0.0,1.0,1.0,1.0,1,1,2,0,109,109,0,119,1,0.8403361344537815,1,0,0.0
synth_sea_gradual,LSTM,11,0.1,0.0,0.0,0.0,0.0,1.0,1.0,1.0,1,1,2,0,109,109,0,119,1,0.8403361344537815,1,0,0.0
synth_sea_gradual,LSTM,11,0.15,0.0,0.0,0.0,0.0,1.0,1.0,1.0,1,1,2,0,109,109,0,119,1,0.8403361344537815,1,0,0.0
synth_sea_gradual,LSTM,11,0.2,0.0,0.0,0.0,0.0,1.0,1.0,1.0,1,1,2,0,109,109,0,119,1,0.8403361344537815,1,0,0.0
synth_sea_gradual,LSTM,11,0.25,0.0,0.0,0.0,0.0,1.0,1.0,1.0,1,1,2,0,109,109,0,119,1,0.8403361344537815,1,0,0.0
synth_sea_gradual,LSTM,11,0.3,0.0,0.0,0.0,0.0,1.0,1.0,1.0,1,1,2,0,109,109,0,119,1,0.8403361344537815,1,0,0.0
synth_sea_gradual,LSTM,11,0.35,0.0,0.0,0.0,0.0,1.0,1.0,1.0,1,1,2,0,109,109,0,119,1,0.8403361344537815,1,0,0.0
synth_sea_gradual,LSTM,11,0.39999999999999997,0.0,0.0,0.0,0.0,1.0,1.0,1.0,1,1,2,0,109,109,0,119,1,0.8403361344537815,1,0,0.0
synth_sea_gradual,LSTM,11,0.44999999999999996,0.0,0.0,0.0,0.0,1.0,1.0,1.0,1,1,2,0,109,109,0,119,1,0.8403361344537815,1,0,0.0
synth_sea_gradual,LSTM,11,0.49999999999999994,1.0,1.0,0.0,0.5,0.5,0.21100917431192662,0.8571428571428571,7,6,2,1,109,23,1,119,7,5.882352941176471,6,1,0.14285714285714285
synth_sea_gradual,LSTM,11,0.5499999999999999,0.0,0.0,0.0,0.0,1.0,0.0,0.0,0,0,2,0,109,0,0,119,0,0.0,0,0,0.0
synth_sea_gradual,LSTM,11,0.6,0.0,0.0,0.0,0.0,1.0,0.0,0.0,0,0,2,0,109,0,0,119,0,0.0,0,0,0.0
synth_sea_gradual,LSTM,11,0.65,0.0,0.0,0.0,0.0,1.0,0.0,0.0,0,0,2,0,109,0,0,119,0,0.0,0,0,0.0
synth_sea_gradual,LSTM,11,0.7,0.0,0.0,0.0,0.0,1.0,0.0,0.0,0,0,2,0,109,0,0,119,0,0.0,0,0,0.0
synth_sea_gradual,LSTM,11,0.75,0.0,0.0,0.0,0.0,1.0,0.0,0.0,0,0,2,0,109,0,0,119,0,0.0,0,0,0.0
synth_sea_gradual,LSTM,11,0.7999999999999999,0.0,0.0,0.0,0.0,1.0,0.0,0.0,0,0,2,0,109,0,0,119,0,0.0,0,0,0.0
synth_sea_gradual,LSTM,11,0.85,0.0,0.0,0.0,0.0,1.0,0.0,0.0,0,0,2,0,109,0,0,119,0,0.0,0,0,0.0
synth_sea_gradual,LSTM,11,0.9,0.0,0.0,0.0,0.0,1.0,0.0,0.0,0,0,2,0,109,0,0,119,0,0.0,0,0,0.0
synth_sea_gradual,LSTM,11,0.95,0.0,0.0,0.0,0.0,1.0,0.0,0.0,0,0,2,0,109,0,0,119,0,0.0,0,0,0.0
synth_sea_gradual,LSTM,22,0.05,0.0,0.0,0.0,0.0,1.0,1.0,1.0,1,1,2,0,109,109,0,119,1,0.8403361344537815,1,0,0.0
synth_sea_gradual,LSTM,22,0.1,0.0,0.0,0.0,0.0,1.0,1.0,1.0,1,1,2,0,109,109,0,119,1,0.8403361344537815,1,0,0.0
synth_sea_gradual,LSTM,22,0.15,0.0,0.0,0.0,0.0,1.0,1.0,1.0,1,1,2,0,109,109,0,119,1,0.8403361344537815,1,0,0.0
synth_sea_gradual,LSTM,22,0.2,0.0,0.0,0.0,0.0,1.0,1.0,1.0,1,1,2,0,109,109,0,119,1,0.8403361344537815,1,0,0.0
synth_sea_gradual,LSTM,22,0.25,0.0,0.0,0.0,0.0,1.0,1.0,1.0,1,1,2,0,109,109,0,119,1,0.8403361344537815,1,0,0.0
synth_sea_gradual,LSTM,22,0.3,0.0,0.0,0.0,0.0,1.0,1.0,1.0,1,1,2,0,109,109,0,119,1,0.8403361344537815,1,0,0.0
synth_sea_gradual,LSTM,22,0.35,0.0,0.0,0.0,0.0,1.0,1.0,1.0,1,1,2,0,109,109,0,119,1,0.8403361344537815,1,0,0.0
synth_sea_gradual,LSTM,22,0.39999999999999997,0.0,0.0,0.0,0.0,1.0,1.0,1.0,1,1,2,0,109,109,0,119,1,0.8403361344537815,1,0,0.0
synth_sea_gradual,LSTM,22,0.44999999999999996,0.0,0.0,0.0,0.0,1.0,0.981651376146789,1.0,1,1,2,0,109,107,0,119,1,0.8403361344537815,1,0,0.0
synth_sea_gradual,LSTM,22,0.49999999999999994,0.0,0.0,0.0,0.0,1.0,0.05504587155963303,1.0,3,3,2,0,109,6,0,119,3,2.5210084033613445,3,0,0.0
synth_sea_gradual,LSTM,22,0.5499999999999999,0.0,0.0,0.0,0.0,1.0,0.0,0.0,0,0,2,0,109,0,0,119,0,0.0,0,0,0.0
synth_sea_gradual,LSTM,22,0.6,0.0,0.0,0.0,0.0,1.0,0.0,0.0,0,0,2,0,109,0,0,119,0,0.0,0,0,0.0
synth_sea_gradual,LSTM,22,0.65,0.0,0.0,0.0,0.0,1.0,0.0,0.0,0,0,2,0,109,0,0,119,0,0.0,0,0,0.0
synth_sea_gradual,LSTM,22,0.7,0.0,0.0,0.0,0.0,1.0,0.0,0.0,0,0,2,0,109,0,0,119,0,0.0,0,0,0.0
synth_sea_gradual,LSTM,22,0.75,0.0,0.0,0.0,0.0,1.0,0.0,0.0,0,0,2,0,109,0,0,119,0,0.0,0,0,0.0
synth_sea_gradual,LSTM,22,0.7999999999999999,0.0,0.0,0.0,0.0,1.0,0.0,0.0,0,0,2,0,109,0,0,119,0,0.0,0,0,0.0
synth_sea_gradual,LSTM,22,0.85,0.0,0.0,0.0,0.0,1.0,0.0,0.0,0,0,2,0,109,0,0,119,0,0.0,0,0,0.0
synth_sea_gradual,LSTM,22,0.9,0.0,0.0,0.0,0.0,1.0,0.0,0.0,0,0,2,0,109,0,0,119,0,0.0,0,0,0.0
synth_sea_gradual,LSTM,22,0.95,0.0,0.0,0.0,0.0,1.0,0.0,0.0,0,0,2,0,109,0,0,119,0,0.0,0,0,0.0
synth_sea_gradual,LSTM,33,0.05,0.0,0.0,0.0,0.0,1.0,1.0,1.0,1,1,2,0,109,109,0,119,1,0.8403361344537815,1,0,0.0
synth_sea_gradual,LSTM,33,0.1,0.0,0.0,0.0,0.0,1.0,1.0,1.0,1,1,2,0,109,109,0,119,1,0.8403361344537815,1,0,0.0
synth_sea_gradual,LSTM,33,0.15,0.0,0.0,0.0,0.0,1.0,1.0,1.0,1,1,2,0,109,109,0,119,1,0.8403361344537815,1,0,0.0
synth_sea_gradual,LSTM,33,0.2,0.0,0.0,0.0,0.0,1.0,1.0,1.0,1,1,2,0,109,109,0,119,1,0.8403361344537815,1,0,0.0
synth_sea_gradual,LSTM,33,0.25,0.0,0.0,0.0,0.0,1.0,1.0,1.0,1,1,2,0,109,109,0,119,1,0.8403361344537815,1,0,0.0
synth_sea_gradual,LSTM,33,0.3,0.0,0.0,0.0,0.0,1.0,1.0,1.0,1,1,2,0,109,109,0,119,1,0.8403361344537815,1,0,0.0
synth_sea_gradual,LSTM,33,0.35,0.0,0.0,0.0,0.0,1.0,1.0,1.0,1,1,2,0,109,109,0,119,1,0.8403361344537815,1,0,0.0
synth_sea_gradual,LSTM,33,0.39999999999999997,0.0,0.0,0.0,0.0,1.0,1.0,1.0,1,1,2,0,109,109,0,119,1,0.8403361344537815,1,0,0.0
synth_sea_gradual,LSTM,33,0.44999999999999996,0.0,0.0,0.0,0.0,1.0,1.0,1.0,1,1,2,0,109,109,0,119,1,0.8403361344537815,1,0,0.0
synth_sea_gradual,LSTM,33,0.49999999999999994,0.0,0.0,0.0,0.0,1.0,0.981651376146789,1.0,1,1,2,0,109,107,0,119,1,0.8403361344537815,1,0,0.0
synth_sea_gradual,LSTM,33,0.5499999999999999,0.0,0.0,0.0,0.0,1.0,0.03669724770642202,1.0,3,3,2,0,109,4,0,119,3,2.5210084033613445,3,0,0.0
synth_sea_gradual,LSTM,33,0.6,0.0,0.0,0.0,0.0,1.0,0.0,0.0,0,0,2,0,109,0,0,119,0,0.0,0,0,0.0
synth_sea_gradual,LSTM,33,0.65,0.0,0.0,0.0,0.0,1.0,0.0,0.0,0,0,2,0,109,0,0,119,0,0.0,0,0,0.0
synth_sea_gradual,LSTM,33,0.7,0.0,0.0,0.0,0.0,1.0,0.0,0.0,0,0,2,0,109,0,0,119,0,0.0,0,0,0.0
synth_sea_gradual,LSTM,33,0.75,0.0,0.0,0.0,0.0,1.0,0.0,0.0,0,0,2,0,109,0,0,119,0,0.0,0,0,0.0
synth_sea_gradual,LSTM,33,0.7999999999999999,0.0,0.0,0.0,0.0,1.0,0.0,0.0,0,0,2,0,109,0,0,119,0,0.0,0,0,0.0
synth_sea_gradual,LSTM,33,0.85,0.0,0.0,0.0,0.0,1.0,0.0,0.0,0,0,2,0,109,0,0,119,0,0.0,0,0,0.0
synth_sea_gradual,LSTM,33,0.9,0.0,0.0,0.0,0.0,1.0,0.0,0.0,0,0,2,0,109,0,0,119,0,0.0,0,0,0.0
synth_sea_gradual,LSTM,33,0.95,0.0,0.0,0.0,0.0,1.0,0.0,0.0,0,0,2,0,109,0,0,119,0,0.0,0,0,0.0
synth_sea_gradual,LOGISTIC REGRESSION,11,0.05,0.0,0.0,0.0,0.0,1.0,1.0,1.0,1,1,2,0,109,109,0,119,1,0.8403361344537815,1,0,0.0
synth_sea_gradual,LOGISTIC REGRESSION,11,0.1,0.0,0.0,0.0,0.0,1.0,1.0,1.0,1,1,2,0,109,109,0,119,1,0.8403361344537815,1,0,0.0
synth_sea_gradual,LOGISTIC REGRESSION,11,0.15,0.0,0.0,0.0,0.0,1.0,1.0,1.0,1,1,2,0,109,109,0,119,1,0.8403361344537815,1,0,0.0
synth_sea_gradual,LOGISTIC REGRESSION,11,0.2,0.0,0.0,0.0,0.0,1.0,1.0,1.0,1,1,2,0,109,109,0,119,1,0.8403361344537815,1,0,0.0
synth_sea_gradual,LOGISTIC REGRESSION,11,0.25,0.0,0.0,0.0,0.0,1.0,1.0,1.0,1,1,2,0,109,109,0,119,1,0.8403361344537815,1,0,0.0
synth_sea_gradual,LOGISTIC REGRESSION,11,0.3,0.0,0.0,0.0,0.0,1.0,0.9541284403669725,1.0,1,1,2,0,109,104,0,119,1,0.8403361344537815,1,0,0.0
synth_sea_gradual,LOGISTIC REGRESSION,11,0.35,0.0,0.0,0.0,0.0,1.0,0.8990825688073395,1.0,1,1,2,0,109,98,0,119,1,0.8403361344537815,1,0,0.0
synth_sea_gradual,LOGISTIC REGRESSION,11,0.39999999999999997,0.0,0.0,0.0,0.0,1.0,0.7889908256880734,1.0,1,1,2,0,109,86,0,119,1,0.8403361344537815,1,0,0.0
synth_sea_gradual,LOGISTIC REGRESSION,11,0.44999999999999996,0.0,0.0,0.0,0.0,1.0,0.6605504587155964,1.0,1,1,2,0,109,72,0,119,1,0.8403361344537815,1,0,0.0
synth_sea_gradual,LOGISTIC REGRESSION,11,0.49999999999999994,0.0,0.0,0.0,0.0,1.0,0.5688073394495413,1.0,2,2,2,0,109,62,0,119,2,1.680672268907563,2,0,0.0
synth_sea_gradual,LOGISTIC REGRESSION,11,0.5499999999999999,5.0,5.0,0.0,0.5,0.5,0.3761467889908257,0.8333333333333334,6,5,2,1,109,41,5,119,6,5.042016806722689,5,1,0.16666666666666666
synth_sea_gradual,LOGISTIC REGRESSION,11,0.6,5.0,5.0,0.0,0.5,0.5,0.1743119266055046,0.9,10,9,2,1,109,19,5,119,10,8.403361344537815,9,1,0.1
synth_sea_gradual,LOGISTIC REGRESSION,11,0.65,0.0,0.0,0.0,0.0,1.0,0.11009174311926606,1.0,9,9,2,0,109,12,0,119,9,7.563025210084033,9,0,0.0
synth_sea_gradual,LOGISTIC REGRESSION,11,0.7,0.0,0.0,0.0,0.0,1.0,0.07339449541284404,1.0,6,6,2,0,109,8,0,119,6,5.042016806722689,6,0,0.0
synth_sea_gradual,LOGISTIC REGRESSION,11,0.75,0.0,0.0,0.0,0.0,1.0,0.009174311926605505,1.0,1,1,2,0,109,1,0,119,1,0.8403361344537815,1,0,0.0
synth_sea_gradual,LOGISTIC REGRESSION,11,0.7999999999999999,0.0,0.0,0.0,0.0,1.0,0.0,0.0,0,0,2,0,109,0,0,119,0,0.0,0,0,0.0
synth_sea_gradual,LOGISTIC REGRESSION,11,0.85,0.0,0.0,0.0,0.0,1.0,0.0,0.0,0,0,2,0,109,0,0,119,0,0.0,0,0,0.0
synth_sea_gradual,LOGISTIC REGRESSION,11,0.9,0.0,0.0,0.0,0.0,1.0,0.0,0.0,0,0,2,0,109,0,0,119,0,0.0,0,0,0.0
synth_sea_gradual,LOGISTIC REGRESSION,11,0.95,0.0,0.0,0.0,0.0,1.0,0.0,0.0,0,0,2,0,109,0,0,119,0,0.0,0,0,0.0
synth_sea_gradual,LOGISTIC REGRESSION,22,0.05,0.0,0.0,0.0,0.0,1.0,1.0,1.0,1,1,2,0,109,109,0,119,1,0.8403361344537815,1,0,0.0
synth_sea_gradual,LOGISTIC REGRESSION,22,0.1,0.0,0.0,0.0,0.0,1.0,1.0,1.0,1,1,2,0,109,109,0,119,1,0.8403361344537815,1,0,0.0
synth_sea_gradual,LOGISTIC REGRESSION,22,0.15,0.0,0.0,0.0,0.0,1.0,1.0,1.0,1,1,2,0,109,109,0,119,1,0.8403361344537815,1,0,0.0
synth_sea_gradual,LOGISTIC REGRESSION,22,0.2,0.0,0.0,0.0,0.0,1.0,1.0,1.0,1,1,2,0,109,109,0,119,1,0.8403361344537815,1,0,0.0
synth_sea_gradual,LOGISTIC REGRESSION,22,0.25,0.0,0.0,0.0,0.0,1.0,1.0,1.0,1,1,2,0,109,109,0,119,1,0.8403361344537815,1,0,0.0
synth_sea_gradual,LOGISTIC REGRESSION,22,0.3,0.0,0.0,0.0,0.0,1.0,0.9541284403669725,1.0,1,1,2,0,109,104,0,119,1,0.8403361344537815,1,0,0.0
synth_sea_gradual,LOGISTIC REGRESSION,22,0.35,0.0,0.0,0.0,0.0,1.0,0.8990825688073395,1.0,1,1,2,0,109,98,0,119,1,0.8403361344537815,1,0,0.0
synth_sea_gradual,LOGISTIC REGRESSION,22,0.39999999999999997,0.0,0.0,0.0,0.0,1.0,0.7889908256880734,1.0,1,1,2,0,109,86,0,119,1,0.8403361344537815,1,0,0.0
synth_sea_gradual,LOGISTIC REGRESSION,22,0.44999999999999996,0.0,0.0,0.0,0.0,1.0,0.6605504587155964,1.0,1,1,2,0,109,72,0,119,1,0.8403361344537815,1,0,0.0
synth_sea_gradual,LOGISTIC REGRESSION,22,0.49999999999999994,0.0,0.0,0.0,0.0,1.0,0.5688073394495413,1.0,2,2,2,0,109,62,0,119,2,1.680672268907563,2,0,0.0
synth_sea_gradual,LOGISTIC REGRESSION,22,0.5499999999999999,5.0,5.0,0.0,0.5,0.5,0.3761467889908257,0.8333333333333334,6,5,2,1,109,41,5,119,6,5.042016806722689,5,1,0.16666666666666666
synth_sea_gradual,LOGISTIC REGRESSION,22,0.6,5.0,5.0,0.0,0.5,0.5,0.1743119266055046,0.9,10,9,2,1,109,19,5,119,10,8.403361344537815,9,1,0.1
synth_sea_gradual,LOGISTIC REGRESSION,22,0.65,0.0,0.0,0.0,0.0,1.0,0.11009174311926606,1.0,9,9,2,0,109,12,0,119,9,7.563025210084033,9,0,0.0
synth_sea_gradual,LOGISTIC REGRESSION,22,0.7,0.0,0.0,0.0,0.0,1.0,0.07339449541284404,1.0,6,6,2,0,109,8,0,119,6,5.042016806722689,6,0,0.0
synth_sea_gradual,LOGISTIC REGRESSION,22,0.75,0.0,0.0,0.0,0.0,1.0,0.009174311926605505,1.0,1,1,2,0,109,1,0,119,1,0.8403361344537815,1,0,0.0
synth_sea_gradual,LOGISTIC REGRESSION,22,0.7999999999999999,0.0,0.0,0.0,0.0,1.0,0.0,0.0,0,0,2,0,109,0,0,119,0,0.0,0,0,0.0
synth_sea_gradual,LOGISTIC REGRESSION,22,0.85,0.0,0.0,0.0,0.0,1.0,0.0,0.0,0,0,2,0,109,0,0,119,0,0.0,0,0,0.0
synth_sea_gradual,LOGISTIC REGRESSION,22,0.9,0.0,0.0,0.0,0.0,1.0,0.0,0.0,0,0,2,0,109,0,0,119,0,0.0,0,0,0.0
synth_sea_gradual,LOGISTIC REGRESSION,22,0.95,0.0,0.0,0.0,0.0,1.0,0.0,0.0,0,0,2,0,109,0,0,119,0,0.0,0,0,0.0
synth_sea_gradual,LOGISTIC REGRESSION,33,0.05,0.0,0.0,0.0,0.0,1.0,1.0,1.0,1,1,2,0,109,109,0,119,1,0.8403361344537815,1,0,0.0
synth_sea_gradual,LOGISTIC REGRESSION,33,0.1,0.0,0.0,0.0,0.0,1.0,1.0,1.0,1,1,2,0,109,109,0,119,1,0.8403361344537815,1,0,0.0
synth_sea_gradual,LOGISTIC REGRESSION,33,0.15,0.0,0.0,0.0,0.0,1.0,1.0,1.0,1,1,2,0,109,109,0,119,1,0.8403361344537815,1,0,0.0
synth_sea_gradual,LOGISTIC REGRESSION,33,0.2,0.0,0.0,0.0,0.0,1.0,1.0,1.0,1,1,2,0,109,109,0,119,1,0.8403361344537815,1,0,0.0
synth_sea_gradual,LOGISTIC REGRESSION,33,0.25,0.0,0.0,0.0,0.0,1.0,1.0,1.0,1,1,2,0,109,109,0,119,1,0.8403361344537815,1,0,0.0
synth_sea_gradual,LOGISTIC REGRESSION,33,0.3,0.0,0.0,0.0,0.0,1.0,0.9541284403669725,1.0,1,1,2,0,109,104,0,119,1,0.8403361344537815,1,0,0.0
synth_sea_gradual,LOGISTIC REGRESSION,33,0.35,0.0,0.0,0.0,0.0,1.0,0.8990825688073395,1.0,1,1,2,0,109,98,0,119,1,0.8403361344537815,1,0,0.0
synth_sea_gradual,LOGISTIC REGRESSION,33,0.39999999999999997,0.0,0.0,0.0,0.0,1.0,0.7889908256880734,1.0,1,1,2,0,109,86,0,119,1,0.8403361344537815,1,0,0.0
synth_sea_gradual,LOGISTIC REGRESSION,33,0.44999999999999996,0.0,0.0,0.0,0.0,1.0,0.6605504587155964,1.0,1,1,2,0,109,72,0,119,1,0.8403361344537815,1,0,0.0
synth_sea_gradual,LOGISTIC REGRESSION,33,0.49999999999999994,0.0,0.0,0.0,0.0,1.0,0.5688073394495413,1.0,2,2,2,0,109,62,0,119,2,1.680672268907563,2,0,0.0
synth_sea_gradual,LOGISTIC REGRESSION,33,0.5499999999999999,5.0,5.0,0.0,0.5,0.5,0.3761467889908257,0.8333333333333334,6,5,2,1,109,41,5,119,6,5.042016806722689,5,1,0.16666666666666666
synth_sea_gradual,LOGISTIC REGRESSION,33,0.6,5.0,5.0,0.0,0.5,0.5,0.1743119266055046,0.9,10,9,2,1,109,19,5,119,10,8.403361344537815,9,1,0.1
synth_sea_gradual,LOGISTIC REGRESSION,33,0.65,0.0,0.0,0.0,0.0,1.0,0.11009174311926606,1.0,9,9,2,0,109,12,0,119,9,7.563025210084033,9,0,0.0
synth_sea_gradual,LOGISTIC REGRESSION,33,0.7,0.0,0.0,0.0,0.0,1.0,0.07339449541284404,1.0,6,6,2,0,109,8,0,119,6,5.042016806722689,6,0,0.0
synth_sea_gradual,LOGISTIC REGRESSION,33,0.75,0.0,0.0,0.0,0.0,1.0,0.009174311926605505,1.0,1,1,2,0,109,1,0,119,1,0.8403361344537815,1,0,0.0
synth_sea_gradual,LOGISTIC REGRESSION,33,0.7999999999999999,0.0,0.0,0.0,0.0,1.0,0.0,0.0,0,0,2,0,109,0,0,119,0,0.0,0,0,0.0
synth_sea_gradual,LOGISTIC REGRESSION,33,0.85,0.0,0.0,0.0,0.0,1.0,0.0,0.0,0,0,2,0,109,0,0,119,0,0.0,0,0,0.0
synth_sea_gradual,LOGISTIC REGRESSION,33,0.9,0.0,0.0,0.0,0.0,1.0,0.0,0.0,0,0,2,0,109,0,0,119,0,0.0,0,0,0.0
synth_sea_gradual,LOGISTIC REGRESSION,33,0.95,0.0,0.0,0.0,0.0,1.0,0.0,0.0,0,0,2,0,109,0,0,119,0,0.0,0,0,0.0
insects_abrupt_balanced,GRU,11,0.05,0.0,0.0,0.0,0.0,1.0,1.0,1.0,1,1,2,0,305,305,0,315,1,0.31746031746031744,1,0,0.0
insects_abrupt_balanced,GRU,11,0.1,0.0,0.0,0.0,0.0,1.0,1.0,1.0,1,1,2,0,305,305,0,315,1,0.31746031746031744,1,0,0.0
insects_abrupt_balanced,GRU,11,0.15,0.0,0.0,0.0,0.0,1.0,1.0,1.0,1,1,2,0,305,305,0,315,1,0.31746031746031744,1,0,0.0
insects_abrupt_balanced,GRU,11,0.2,0.0,0.0,0.0,0.0,1.0,1.0,1.0,1,1,2,0,305,305,0,315,1,0.31746031746031744,1,0,0.0
insects_abrupt_balanced,GRU,11,0.25,0.0,0.0,0.0,0.0,1.0,1.0,1.0,1,1,2,0,305,305,0,315,1,0.31746031746031744,1,0,0.0
insects_abrupt_balanced,GRU,11,0.3,0.0,0.0,0.0,0.0,1.0,0.9770491803278688,1.0,1,1,2,0,305,298,0,315,1,0.31746031746031744,1,0,0.0
insects_abrupt_balanced,GRU,11,0.35,0.0,0.0,0.0,0.0,1.0,0.8032786885245902,1.0,1,1,2,0,305,245,0,315,1,0.31746031746031744,1,0,0.0
insects_abrupt_balanced,GRU,11,0.39999999999999997,2.0,2.0,0.0,0.5,0.5,0.4262295081967213,0.9375,16,15,2,1,305,130,2,315,16,5.079365079365079,15,1,0.0625
insects_abrupt_balanced,GRU,11,0.44999999999999996,2.0,2.0,0.0,0.5,0.5,0.15081967213114755,0.9375,16,15,2,1,305,46,2,315,16,5.079365079365079,15,1,0.0625
insects_abrupt_balanced,GRU,11,0.49999999999999994,0.0,0.0,0.0,0.0,1.0,0.04590163934426229,1.0,6,6,2,0,305,14,0,315,6,1.9047619047619047,6,0,0.0
insects_abrupt_balanced,GRU,11,0.5499999999999999,0.0,0.0,0.0,0.0,1.0,0.019672131147540985,1.0,2,2,2,0,305,6,0,315,2,0.6349206349206349,2,0,0.0
insects_abrupt_balanced,GRU,11,0.6,0.0,0.0,0.0,0.0,1.0,0.009836065573770493,1.0,2,2,2,0,305,3,0,315,2,0.6349206349206349,2,0,0.0
insects_abrupt_balanced,GRU,11,0.65,0.0,0.0,0.0,0.0,1.0,0.0,0.0,0,0,2,0,305,0,0,315,0,0.0,0,0,0.0
insects_abrupt_balanced,GRU,11,0.7,0.0,0.0,0.0,0.0,1.0,0.0,0.0,0,0,2,0,305,0,0,315,0,0.0,0,0,0.0
insects_abrupt_balanced,GRU,11,0.75,0.0,0.0,0.0,0.0,1.0,0.0,0.0,0,0,2,0,305,0,0,315,0,0.0,0,0,0.0
insects_abrupt_balanced,GRU,11,0.7999999999999999,0.0,0.0,0.0,0.0,1.0,0.0,0.0,0,0,2,0,305,0,0,315,0,0.0,0,0,0.0
insects_abrupt_balanced,GRU,11,0.85,0.0,0.0,0.0,0.0,1.0,0.0,0.0,0,0,2,0,305,0,0,315,0,0.0,0,0,0.0
insects_abrupt_balanced,GRU,11,0.9,0.0,0.0,0.0,0.0,1.0,0.0,0.0,0,0,2,0,305,0,0,315,0,0.0,0,0,0.0
insects_abrupt_balanced,GRU,11,0.95,0.0,0.0,0.0,0.0,1.0,0.0,0.0,0,0,2,0,305,0,0,315,0,0.0,0,0,0.0
insects_abrupt_balanced,GRU,22,0.05,0.0,0.0,0.0,0.0,1.0,1.0,1.0,1,1,2,0,305,305,0,315,1,0.31746031746031744,1,0,0.0
insects_abrupt_balanced,GRU,22,0.1,0.0,0.0,0.0,0.0,1.0,1.0,1.0,1,1,2,0,305,305,0,315,1,0.31746031746031744,1,0,0.0
insects_abrupt_balanced,GRU,22,0.15,0.0,0.0,0.0,0.0,1.0,1.0,1.0,1,1,2,0,305,305,0,315,1,0.31746031746031744,1,0,0.0
insects_abrupt_balanced,GRU,22,0.2,0.0,0.0,0.0,0.0,1.0,1.0,1.0,1,1,2,0,305,305,0,315,1,0.31746031746031744,1,0,0.0
insects_abrupt_balanced,GRU,22,0.25,0.0,0.0,0.0,0.0,1.0,0.9967213114754099,1.0,1,1,2,0,305,304,0,315,1,0.31746031746031744,1,0,0.0
insects_abrupt_balanced,GRU,22,0.3,0.0,0.0,0.0,0.0,1.0,0.9737704918032787,1.0,1,1,2,0,305,297,0,315,1,0.31746031746031744,1,0,0.0
insects_abrupt_balanced,GRU,22,0.35,0.0,0.0,0.0,0.0,1.0,0.839344262295082,1.0,3,3,2,0,305,256,0,315,3,0.9523809523809523,3,0,0.0
insects_abrupt_balanced,GRU,22,0.39999999999999997,1.0,1.0,0.0,0.5,0.5,0.5704918032786885,0.9166666666666666,12,11,2,1,305,174,1,315,12,3.8095238095238093,11,1,0.08333333333333333
insects_abrupt_balanced,GRU,22,0.44999999999999996,1.0,1.0,0.0,0.5,0.5,0.2459016393442623,0.9444444444444444,18,17,2,1,305,75,1,315,18,5.714285714285714,17,1,0.05555555555555555
insects_abrupt_balanced,GRU,22,0.49999999999999994,1.0,1.0,0.0,0.5,0.5,0.10491803278688525,0.9090909090909091,11,10,2,1,305,32,1,315,11,3.492063492063492,10,1,0.09090909090909091
insects_abrupt_balanced,GRU,22,0.5499999999999999,0.0,0.0,0.0,0.0,1.0,0.04918032786885246,1.0,7,7,2,0,305,15,0,315,7,2.2222222222222223,7,0,0.0
insects_abrupt_balanced,GRU,22,0.6,0.0,0.0,0.0,0.0,1.0,0.02622950819672131,1.0,4,4,2,0,305,8,0,315,4,1.2698412698412698,4,0,0.0
insects_abrupt_balanced,GRU,22,0.65,0.0,0.0,0.0,0.0,1.0,0.006557377049180328,1.0,1,1,2,0,305,2,0,315,1,0.31746031746031744,1,0,0.0
insects_abrupt_balanced,GRU,22,0.7,0.0,0.0,0.0,0.0,1.0,0.0,0.0,0,0,2,0,305,0,0,315,0,0.0,0,0,0.0
insects_abrupt_balanced,GRU,22,0.75,0.0,0.0,0.0,0.0,1.0,0.0,0.0,0,0,2,0,305,0,0,315,0,0.0,0,0,0.0
insects_abrupt_balanced,GRU,22,0.7999999999999999,0.0,0.0,0.0,0.0,1.0,0.0,0.0,0,0,2,0,305,0,0,315,0,0.0,0,0,0.0
insects_abrupt_balanced,GRU,22,0.85,0.0,0.0,0.0,0.0,1.0,0.0,0.0,0,0,2,0,305,0,0,315,0,0.0,0,0,0.0
insects_abrupt_balanced,GRU,22,0.9,0.0,0.0,0.0,0.0,1.0,0.0,0.0,0,0,2,0,305,0,0,315,0,0.0,0,0,0.0
insects_abrupt_balanced,GRU,22,0.95,0.0,0.0,0.0,0.0,1.0,0.0,0.0,0,0,2,0,305,0,0,315,0,0.0,0,0,0.0
insects_abrupt_balanced,GRU,33,0.05,0.0,0.0,0.0,0.0,1.0,1.0,1.0,1,1,2,0,305,305,0,315,1,0.31746031746031744,1,0,0.0
insects_abrupt_balanced,GRU,33,0.1,0.0,0.0,0.0,0.0,1.0,1.0,1.0,1,1,2,0,305,305,0,315,1,0.31746031746031744,1,0,0.0
insects_abrupt_balanced,GRU,33,0.15,0.0,0.0,0.0,0.0,1.0,1.0,1.0,1,1,2,0,305,305,0,315,1,0.31746031746031744,1,0,0.0
insects_abrupt_balanced,GRU,33,0.2,0.0,0.0,0.0,0.0,1.0,1.0,1.0,1,1,2,0,305,305,0,315,1,0.31746031746031744,1,0,0.0
insects_abrupt_balanced,GRU,33,0.25,0.0,0.0,0.0,0.0,1.0,1.0,1.0,1,1,2,0,305,305,0,315,1,0.31746031746031744,1,0,0.0
insects_abrupt_balanced,GRU,33,0.3,0.0,0.0,0.0,0.0,1.0,0.9770491803278688,1.0,1,1,2,0,305,298,0,315,1,0.31746031746031744,1,0,0.0
insects_abrupt_balanced,GRU,33,0.35,4.0,4.0,0.0,0.5,0.5,0.7967213114754098,0.8333333333333334,6,5,2,1,305,243,4,315,6,1.9047619047619047,5,1,0.16666666666666666
insects_abrupt_balanced,GRU,33,0.39999999999999997,2.0,2.0,1.0,1.0,0.0,0.4491803278688525,0.8947368421052632,19,17,2,2,305,137,4,315,19,6.031746031746032,17,2,0.10526315789473684
insects_abrupt_balanced,GRU,33,0.44999999999999996,3.0,3.0,0.0,0.5,0.5,0.16393442622950818,0.9444444444444444,18,17,2,1,305,50,3,315,18,5.714285714285714,17,1,0.05555555555555555
insects_abrupt_balanced,GRU,33,0.49999999999999994,0.0,0.0,0.0,0.0,1.0,0.01639344262295082,1.0,4,4,2,0,305,5,0,315,4,1.2698412698412698,4,0,0.0
insects_abrupt_balanced,GRU,33,0.5499999999999999,0.0,0.0,0.0,0.0,1.0,0.0,0.0,0,0,2,0,305,0,0,315,0,0.0,0,0,0.0
insects_abrupt_balanced,GRU,33,0.6,0.0,0.0,0.0,0.0,1.0,0.0,0.0,0,0,2,0,305,0,0,315,0,0.0,0,0,0.0
insects_abrupt_balanced,GRU,33,0.65,0.0,0.0,0.0,0.0,1.0,0.0,0.0,0,0,2,0,305,0,0,315,0,0.0,0,0,0.0
insects_abrupt_balanced,GRU,33,0.7,0.0,0.0,0.0,0.0,1.0,0.0,0.0,0,0,2,0,305,0,0,315,0,0.0,0,0,0.0
insects_abrupt_balanced,GRU,33,0.75,0.0,0.0,0.0,0.0,1.0,0.0,0.0,0,0,2,0,305,0,0,315,0,0.0,0,0,0.0
insects_abrupt_balanced,GRU,33,0.7999999999999999,0.0,0.0,0.0,0.0,1.0,0.0,0.0,0,0,2,0,305,0,0,315,0,0.0,0,0,0.0
insects_abrupt_balanced,GRU,33,0.85,0.0,0.0,0.0,0.0,1.0,0.0,0.0,0,0,2,0,305,0,0,315,0,0.0,0,0,0.0
insects_abrupt_balanced,GRU,33,0.9,0.0,0.0,0.0,0.0,1.0,0.0,0.0,0,0,2,0,305,0,0,315,0,0.0,0,0,0.0
insects_abrupt_balanced,GRU,33,0.95,0.0,0.0,0.0,0.0,1.0,0.0,0.0,0,0,2,0,305,0,0,315,0,0.0,0,0,0.0
insects_abrupt_balanced,TRANSFORMER,11,0.05,1.0,1.0,0.0,0.5,0.5,0.15081967213114755,0.9333333333333333,15,14,2,1,305,46,1,315,15,4.761904761904762,14,1,0.06666666666666667
insects_abrupt_balanced,TRANSFORMER,11,0.1,0.0,0.0,0.0,0.0,1.0,0.02622950819672131,1.0,5,5,2,0,305,8,0,315,5,1.5873015873015872,5,0,0.0
insects_abrupt_balanced,TRANSFORMER,11,0.15,0.0,0.0,0.0,0.0,1.0,0.013114754098360656,1.0,2,2,2,0,305,4,0,315,2,0.6349206349206349,2,0,0.0
insects_abrupt_balanced,TRANSFORMER,11,0.2,0.0,0.0,0.0,0.0,1.0,0.0,0.0,0,0,2,0,305,0,0,315,0,0.0,0,0,0.0
insects_abrupt_balanced,TRANSFORMER,11,0.25,0.0,0.0,0.0,0.0,1.0,0.0,0.0,0,0,2,0,305,0,0,315,0,0.0,0,0,0.0
insects_abrupt_balanced,TRANSFORMER,11,0.3,0.0,0.0,0.0,0.0,1.0,0.0,0.0,0,0,2,0,305,0,0,315,0,0.0,0,0,0.0
insects_abrupt_balanced,TRANSFORMER,11,0.35,0.0,0.0,0.0,0.0,1.0,0.0,0.0,0,0,2,0,305,0,0,315,0,0.0,0,0,0.0
insects_abrupt_balanced,TRANSFORMER,11,0.39999999999999997,0.0,0.0,0.0,0.0,1.0,0.0,0.0,0,0,2,0,305,0,0,315,0,0.0,0,0,0.0
insects_abrupt_balanced,TRANSFORMER,11,0.44999999999999996,0.0,0.0,0.0,0.0,1.0,0.0,0.0,0,0,2,0,305,0,0,315,0,0.0,0,0,0.0
insects_abrupt_balanced,TRANSFORMER,11,0.49999999999999994,0.0,0.0,0.0,0.0,1.0,0.0,0.0,0,0,2,0,305,0,0,315,0,0.0,0,0,0.0
insects_abrupt_balanced,TRANSFORMER,11,0.5499999999999999,0.0,0.0,0.0,0.0,1.0,0.0,0.0,0,0,2,0,305,0,0,315,0,0.0,0,0,0.0
insects_abrupt_balanced,TRANSFORMER,11,0.6,0.0,0.0,0.0,0.0,1.0,0.0,0.0,0,0,2,0,305,0,0,315,0,0.0,0,0,0.0
insects_abrupt_balanced,TRANSFORMER,11,0.65,0.0,0.0,0.0,0.0,1.0,0.0,0.0,0,0,2,0,305,0,0,315,0,0.0,0,0,0.0
insects_abrupt_balanced,TRANSFORMER,11,0.7,0.0,0.0,0.0,0.0,1.0,0.0,0.0,0,0,2,0,305,0,0,315,0,0.0,0,0,0.0
insects_abrupt_balanced,TRANSFORMER,11,0.75,0.0,0.0,0.0,0.0,1.0,0.0,0.0,0,0,2,0,305,0,0,315,0,0.0,0,0,0.0
insects_abrupt_balanced,TRANSFORMER,11,0.7999999999999999,0.0,0.0,0.0,0.0,1.0,0.0,0.0,0,0,2,0,305,0,0,315,0,0.0,0,0,0.0
insects_abrupt_balanced,TRANSFORMER,11,0.85,0.0,0.0,0.0,0.0,1.0,0.0,0.0,0,0,2,0,305,0,0,315,0,0.0,0,0,0.0
insects_abrupt_balanced,TRANSFORMER,11,0.9,0.0,0.0,0.0,0.0,1.0,0.0,0.0,0,0,2,0,305,0,0,315,0,0.0,0,0,0.0
insects_abrupt_balanced,TRANSFORMER,11,0.95,0.0,0.0,0.0,0.0,1.0,0.0,0.0,0,0,2,0,305,0,0,315,0,0.0,0,0,0.0
insects_abrupt_balanced,TRANSFORMER,22,0.05,1.0,1.0,0.0,0.5,0.5,0.2786885245901639,0.95,20,19,2,1,305,85,1,315,20,6.349206349206349,19,1,0.05
insects_abrupt_balanced,TRANSFORMER,22,0.1,0.0,0.0,0.0,0.0,1.0,0.05245901639344262,1.0,8,8,2,0,305,16,0,315,8,2.5396825396825395,8,0,0.0
insects_abrupt_balanced,TRANSFORMER,22,0.15,0.0,0.0,0.0,0.0,1.0,0.013114754098360656,1.0,2,2,2,0,305,4,0,315,2,0.6349206349206349,2,0,0.0
insects_abrupt_balanced,TRANSFORMER,22,0.2,0.0,0.0,0.0,0.0,1.0,0.009836065573770493,1.0,1,1,2,0,305,3,0,315,1,0.31746031746031744,1,0,0.0
insects_abrupt_balanced,TRANSFORMER,22,0.25,0.0,0.0,0.0,0.0,1.0,0.009836065573770493,1.0,1,1,2,0,305,3,0,315,1,0.31746031746031744,1,0,0.0
insects_abrupt_balanced,TRANSFORMER,22,0.3,0.0,0.0,0.0,0.0,1.0,0.006557377049180328,1.0,1,1,2,0,305,2,0,315,1,0.31746031746031744,1,0,0.0
insects_abrupt_balanced,TRANSFORMER,22,0.35,0.0,0.0,0.0,0.0,1.0,0.006557377049180328,1.0,1,1,2,0,305,2,0,315,1,0.31746031746031744,1,0,0.0
insects_abrupt_balanced,TRANSFORMER,22,0.39999999999999997,0.0,0.0,0.0,0.0,1.0,0.003278688524590164,1.0,1,1,2,0,305,1,0,315,1,0.31746031746031744,1,0,0.0
insects_abrupt_balanced,TRANSFORMER,22,0.44999999999999996,0.0,0.0,0.0,0.0,1.0,0.003278688524590164,1.0,1,1,2,0,305,1,0,315,1,0.31746031746031744,1,0,0.0
insects_abrupt_balanced,TRANSFORMER,22,0.49999999999999994,0.0,0.0,0.0,0.0,1.0,0.0,0.0,0,0,2,0,305,0,0,315,0,0.0,0,0,0.0
insects_abrupt_balanced,TRANSFORMER,22,0.5499999999999999,0.0,0.0,0.0,0.0,1.0,0.0,0.0,0,0,2,0,305,0,0,315,0,0.0,0,0,0.0
insects_abrupt_balanced,TRANSFORMER,22,0.6,0.0,0.0,0.0,0.0,1.0,0.0,0.0,0,0,2,0,305,0,0,315,0,0.0,0,0,0.0
insects_abrupt_balanced,TRANSFORMER,22,0.65,0.0,0.0,0.0,0.0,1.0,0.0,0.0,0,0,2,0,305,0,0,315,0,0.0,0,0,0.0
insects_abrupt_balanced,TRANSFORMER,22,0.7,0.0,0.0,0.0,0.0,1.0,0.0,0.0,0,0,2,0,305,0,0,315,0,0.0,0,0,0.0
insects_abrupt_balanced,TRANSFORMER,22,0.75,0.0,0.0,0.0,0.0,1.0,0.0,0.0,0,0,2,0,305,0,0,315,0,0.0,0,0,0.0
insects_abrupt_balanced,TRANSFORMER,22,0.7999999999999999,0.0,0.0,0.0,0.0,1.0,0.0,0.0,0,0,2,0,305,0,0,315,0,0.0,0,0,0.0
insects_abrupt_balanced,TRANSFORMER,22,0.85,0.0,0.0,0.0,0.0,1.0,0.0,0.0,0,0,2,0,305,0,0,315,0,0.0,0,0,0.0
insects_abrupt_balanced,TRANSFORMER,22,0.9,0.0,0.0,0.0,0.0,1.0,0.0,0.0,0,0,2,0,305,0,0,315,0,0.0,0,0,0.0
insects_abrupt_balanced,TRANSFORMER,22,0.95,0.0,0.0,0.0,0.0,1.0,0.0,0.0,0,0,2,0,305,0,0,315,0,0.0,0,0,0.0
insects_abrupt_balanced,TRANSFORMER,33,0.05,0.0,0.0,0.0,0.0,1.0,0.06885245901639345,1.0,10,10,2,0,305,21,0,315,10,3.1746031746031744,10,0,0.0
insects_abrupt_balanced,TRANSFORMER,33,0.1,0.0,0.0,0.0,0.0,1.0,0.019672131147540985,1.0,4,4,2,0,305,6,0,315,4,1.2698412698412698,4,0,0.0
insects_abrupt_balanced,TRANSFORMER,33,0.15,0.0,0.0,0.0,0.0,1.0,0.006557377049180328,1.0,1,1,2,0,305,2,0,315,1,0.31746031746031744,1,0,0.0
insects_abrupt_balanced,TRANSFORMER,33,0.2,0.0,0.0,0.0,0.0,1.0,0.003278688524590164,1.0,1,1,2,0,305,1,0,315,1,0.31746031746031744,1,0,0.0
insects_abrupt_balanced,TRANSFORMER,33,0.25,0.0,0.0,0.0,0.0,1.0,0.0,0.0,0,0,2,0,305,0,0,315,0,0.0,0,0,0.0
insects_abrupt_balanced,TRANSFORMER,33,0.3,0.0,0.0,0.0,0.0,1.0,0.0,0.0,0,0,2,0,305,0,0,315,0,0.0,0,0,0.0
insects_abrupt_balanced,TRANSFORMER,33,0.35,0.0,0.0,0.0,0.0,1.0,0.0,0.0,0,0,2,0,305,0,0,315,0,0.0,0,0,0.0
insects_abrupt_balanced,TRANSFORMER,33,0.39999999999999997,0.0,0.0,0.0,0.0,1.0,0.0,0.0,0,0,2,0,305,0,0,315,0,0.0,0,0,0.0
insects_abrupt_balanced,TRANSFORMER,33,0.44999999999999996,0.0,0.0,0.0,0.0,1.0,0.0,0.0,0,0,2,0,305,0,0,315,0,0.0,0,0,0.0
insects_abrupt_balanced,TRANSFORMER,33,0.49999999999999994,0.0,0.0,0.0,0.0,1.0,0.0,0.0,0,0,2,0,305,0,0,315,0,0.0,0,0,0.0
insects_abrupt_balanced,TRANSFORMER,33,0.5499999999999999,0.0,0.0,0.0,0.0,1.0,0.0,0.0,0,0,2,0,305,0,0,315,0,0.0,0,0,0.0
insects_abrupt_balanced,TRANSFORMER,33,0.6,0.0,0.0,0.0,0.0,1.0,0.0,0.0,0,0,2,0,305,0,0,315,0,0.0,0,0,0.0
insects_abrupt_balanced,TRANSFORMER,33,0.65,0.0,0.0,0.0,0.0,1.0,0.0,0.0,0,0,2,0,305,0,0,315,0,0.0,0,0,0.0
insects_abrupt_balanced,TRANSFORMER,33,0.7,0.0,0.0,0.0,0.0,1.0,0.0,0.0,0,0,2,0,305,0,0,315,0,0.0,0,0,0.0
insects_abrupt_balanced,TRANSFORMER,33,0.75,0.0,0.0,0.0,0.0,1.0,0.0,0.0,0,0,2,0,305,0,0,315,0,0.0,0,0,0.0
insects_abrupt_balanced,TRANSFORMER,33,0.7999999999999999,0.0,0.0,0.0,0.0,1.0,0.0,0.0,0,0,2,0,305,0,0,315,0,0.0,0,0,0.0
insects_abrupt_balanced,TRANSFORMER,33,0.85,0.0,0.0,0.0,0.0,1.0,0.0,0.0,0,0,2,0,305,0,0,315,0,0.0,0,0,0.0
insects_abrupt_balanced,TRANSFORMER,33,0.9,0.0,0.0,0.0,0.0,1.0,0.0,0.0,0,0,2,0,305,0,0,315,0,0.0,0,0,0.0
insects_abrupt_balanced,TRANSFORMER,33,0.95,0.0,0.0,0.0,0.0,1.0,0.0,0.0,0,0,2,0,305,0,0,315,0,0.0,0,0,0.0
insects_abrupt_balanced,LSTM,11,0.05,0.0,0.0,0.0,0.0,1.0,1.0,1.0,1,1,2,0,305,305,0,315,1,0.31746031746031744,1,0,0.0
insects_abrupt_balanced,LSTM,11,0.1,0.0,0.0,0.0,0.0,1.0,1.0,1.0,1,1,2,0,305,305,0,315,1,0.31746031746031744,1,0,0.0
insects_abrupt_balanced,LSTM,11,0.15,0.0,0.0,0.0,0.0,1.0,1.0,1.0,1,1,2,0,305,305,0,315,1,0.31746031746031744,1,0,0.0
insects_abrupt_balanced,LSTM,11,0.2,0.0,0.0,0.0,0.0,1.0,1.0,1.0,1,1,2,0,305,305,0,315,1,0.31746031746031744,1,0,0.0
insects_abrupt_balanced,LSTM,11,0.25,0.0,0.0,0.0,0.0,1.0,1.0,1.0,1,1,2,0,305,305,0,315,1,0.31746031746031744,1,0,0.0
insects_abrupt_balanced,LSTM,11,0.3,0.0,0.0,0.0,0.0,1.0,1.0,1.0,1,1,2,0,305,305,0,315,1,0.31746031746031744,1,0,0.0
insects_abrupt_balanced,LSTM,11,0.35,0.0,0.0,0.0,0.0,1.0,1.0,1.0,1,1,2,0,305,305,0,315,1,0.31746031746031744,1,0,0.0
insects_abrupt_balanced,LSTM,11,0.39999999999999997,0.0,0.0,0.0,0.0,1.0,0.7967213114754098,1.0,3,3,2,0,305,243,0,315,3,0.9523809523809523,3,0,0.0
insects_abrupt_balanced,LSTM,11,0.44999999999999996,4.0,4.0,0.0,0.5,0.5,0.16393442622950818,0.9285714285714286,14,13,2,1,305,50,4,315,14,4.444444444444445,13,1,0.07142857142857142
insects_abrupt_balanced,LSTM,11,0.49999999999999994,0.0,0.0,0.0,0.0,1.0,0.01639344262295082,1.0,2,2,2,0,305,5,0,315,2,0.6349206349206349,2,0,0.0
insects_abrupt_balanced,LSTM,11,0.5499999999999999,0.0,0.0,0.0,0.0,1.0,0.0,0.0,0,0,2,0,305,0,0,315,0,0.0,0,0,0.0
insects_abrupt_balanced,LSTM,11,0.6,0.0,0.0,0.0,0.0,1.0,0.0,0.0,0,0,2,0,305,0,0,315,0,0.0,0,0,0.0
insects_abrupt_balanced,LSTM,11,0.65,0.0,0.0,0.0,0.0,1.0,0.0,0.0,0,0,2,0,305,0,0,315,0,0.0,0,0,0.0
insects_abrupt_balanced,LSTM,11,0.7,0.0,0.0,0.0,0.0,1.0,0.0,0.0,0,0,2,0,305,0,0,315,0,0.0,0,0,0.0
insects_abrupt_balanced,LSTM,11,0.75,0.0,0.0,0.0,0.0,1.0,0.0,0.0,0,0,2,0,305,0,0,315,0,0.0,0,0,0.0
insects_abrupt_balanced,LSTM,11,0.7999999999999999,0.0,0.0,0.0,0.0,1.0,0.0,0.0,0,0,2,0,305,0,0,315,0,0.0,0,0,0.0
insects_abrupt_balanced,LSTM,11,0.85,0.0,0.0,0.0,0.0,1.0,0.0,0.0,0,0,2,0,305,0,0,315,0,0.0,0,0,0.0
insects_abrupt_balanced,LSTM,11,0.9,0.0,0.0,0.0,0.0,1.0,0.0,0.0,0,0,2,0,305,0,0,315,0,0.0,0,0,0.0
insects_abrupt_balanced,LSTM,11,0.95,0.0,0.0,0.0,0.0,1.0,0.0,0.0,0,0,2,0,305,0,0,315,0,0.0,0,0,0.0
insects_abrupt_balanced,LSTM,22,0.05,0.0,0.0,0.0,0.0,1.0,1.0,1.0,1,1,2,0,305,305,0,315,1,0.31746031746031744,1,0,0.0
insects_abrupt_balanced,LSTM,22,0.1,0.0,0.0,0.0,0.0,1.0,1.0,1.0,1,1,2,0,305,305,0,315,1,0.31746031746031744,1,0,0.0
insects_abrupt_balanced,LSTM,22,0.15,0.0,0.0,0.0,0.0,1.0,1.0,1.0,1,1,2,0,305,305,0,315,1,0.31746031746031744,1,0,0.0
insects_abrupt_balanced,LSTM,22,0.2,0.0,0.0,0.0,0.0,1.0,1.0,1.0,1,1,2,0,305,305,0,315,1,0.31746031746031744,1,0,0.0
insects_abrupt_balanced,LSTM,22,0.25,0.0,0.0,0.0,0.0,1.0,1.0,1.0,1,1,2,0,305,305,0,315,1,0.31746031746031744,1,0,0.0
insects_abrupt_balanced,LSTM,22,0.3,0.0,0.0,0.0,0.0,1.0,1.0,1.0,1,1,2,0,305,305,0,315,1,0.31746031746031744,1,0,0.0
insects_abrupt_balanced,LSTM,22,0.35,0.0,0.0,0.0,0.0,1.0,1.0,1.0,1,1,2,0,305,305,0,315,1,0.31746031746031744,1,0,0.0
insects_abrupt_balanced,LSTM,22,0.39999999999999997,0.0,0.0,0.0,0.0,1.0,0.9245901639344263,1.0,1,1,2,0,305,282,0,315,1,0.31746031746031744,1,0,0.0
insects_abrupt_balanced,LSTM,22,0.44999999999999996,1.0,1.0,0.0,0.5,0.5,0.39672131147540984,0.9411764705882353,17,16,2,1,305,121,1,315,17,5.396825396825397,16,1,0.058823529411764705
insects_abrupt_balanced,LSTM,22,0.49999999999999994,0.0,0.0,0.0,0.0,1.0,0.013114754098360656,1.0,1,1,2,0,305,4,0,315,1,0.31746031746031744,1,0,0.0
insects_abrupt_balanced,LSTM,22,0.5499999999999999,0.0,0.0,0.0,0.0,1.0,0.0,0.0,0,0,2,0,305,0,0,315,0,0.0,0,0,0.0
insects_abrupt_balanced,LSTM,22,0.6,0.0,0.0,0.0,0.0,1.0,0.0,0.0,0,0,2,0,305,0,0,315,0,0.0,0,0,0.0
insects_abrupt_balanced,LSTM,22,0.65,0.0,0.0,0.0,0.0,1.0,0.0,0.0,0,0,2,0,305,0,0,315,0,0.0,0,0,0.0
insects_abrupt_balanced,LSTM,22,0.7,0.0,0.0,0.0,0.0,1.0,0.0,0.0,0,0,2,0,305,0,0,315,0,0.0,0,0,0.0
insects_abrupt_balanced,LSTM,22,0.75,0.0,0.0,0.0,0.0,1.0,0.0,0.0,0,0,2,0,305,0,0,315,0,0.0,0,0,0.0
insects_abrupt_balanced,LSTM,22,0.7999999999999999,0.0,0.0,0.0,0.0,1.0,0.0,0.0,0,0,2,0,305,0,0,315,0,0.0,0,0,0.0
insects_abrupt_balanced,LSTM,22,0.85,0.0,0.0,0.0,0.0,1.0,0.0,0.0,0,0,2,0,305,0,0,315,0,0.0,0,0,0.0
insects_abrupt_balanced,LSTM,22,0.9,0.0,0.0,0.0,0.0,1.0,0.0,0.0,0,0,2,0,305,0,0,315,0,0.0,0,0,0.0
insects_abrupt_balanced,LSTM,22,0.95,0.0,0.0,0.0,0.0,1.0,0.0,0.0,0,0,2,0,305,0,0,315,0,0.0,0,0,0.0
insects_abrupt_balanced,LSTM,33,0.05,0.0,0.0,0.0,0.0,1.0,1.0,1.0,1,1,2,0,305,305,0,315,1,0.31746031746031744,1,0,0.0
insects_abrupt_balanced,LSTM,33,0.1,0.0,0.0,0.0,0.0,1.0,1.0,1.0,1,1,2,0,305,305,0,315,1,0.31746031746031744,1,0,0.0
insects_abrupt_balanced,LSTM,33,0.15,0.0,0.0,0.0,0.0,1.0,1.0,1.0,1,1,2,0,305,305,0,315,1,0.31746031746031744,1,0,0.0
insects_abrupt_balanced,LSTM,33,0.2,0.0,0.0,0.0,0.0,1.0,1.0,1.0,1,1,2,0,305,305,0,315,1,0.31746031746031744,1,0,0.0
insects_abrupt_balanced,LSTM,33,0.25,0.0,0.0,0.0,0.0,1.0,1.0,1.0,1,1,2,0,305,305,0,315,1,0.31746031746031744,1,0,0.0
insects_abrupt_balanced,LSTM,33,0.3,0.0,0.0,0.0,0.0,1.0,1.0,1.0,1,1,2,0,305,305,0,315,1,0.31746031746031744,1,0,0.0
insects_abrupt_balanced,LSTM,33,0.35,0.0,0.0,0.0,0.0,1.0,1.0,1.0,1,1,2,0,305,305,0,315,1,0.31746031746031744,1,0,0.0
insects_abrupt_balanced,LSTM,33,0.39999999999999997,0.0,0.0,0.0,0.0,1.0,0.9540983606557377,1.0,1,1,2,0,305,291,0,315,1,0.31746031746031744,1,0,0.0
insects_abrupt_balanced,LSTM,33,0.44999999999999996,0.0,0.0,0.0,0.0,1.0,0.3475409836065574,1.0,17,17,2,0,305,106,0,315,17,5.396825396825397,17,0,0.0
insects_abrupt_balanced,LSTM,33,0.49999999999999994,1.0,1.0,0.0,0.5,0.5,0.029508196721311476,0.8,5,4,2,1,305,9,1,315,5,1.5873015873015872,4,1,0.2
insects_abrupt_balanced,LSTM,33,0.5499999999999999,1.0,1.0,0.0,0.5,0.5,0.003278688524590164,0.5,2,1,2,1,305,1,1,315,2,0.6349206349206349,1,1,0.5
insects_abrupt_balanced,LSTM,33,0.6,0.0,0.0,0.0,0.0,1.0,0.0,0.0,0,0,2,0,305,0,0,315,0,0.0,0,0,0.0
insects_abrupt_balanced,LSTM,33,0.65,0.0,0.0,0.0,0.0,1.0,0.0,0.0,0,0,2,0,305,0,0,315,0,0.0,0,0,0.0
insects_abrupt_balanced,LSTM,33,0.7,0.0,0.0,0.0,0.0,1.0,0.0,0.0,0,0,2,0,305,0,0,315,0,0.0,0,0,0.0
insects_abrupt_balanced,LSTM,33,0.75,0.0,0.0,0.0,0.0,1.0,0.0,0.0,0,0,2,0,305,0,0,315,0,0.0,0,0,0.0
insects_abrupt_balanced,LSTM,33,0.7999999999999999,0.0,0.0,0.0,0.0,1.0,0.0,0.0,0,0,2,0,305,0,0,315,0,0.0,0,0,0.0
insects_abrupt_balanced,LSTM,33,0.85,0.0,0.0,0.0,0.0,1.0,0.0,0.0,0,0,2,0,305,0,0,315,0,0.0,0,0,0.0
insects_abrupt_balanced,LSTM,33,0.9,0.0,0.0,0.0,0.0,1.0,0.0,0.0,0,0,2,0,305,0,0,315,0,0.0,0,0,0.0
insects_abrupt_balanced,LSTM,33,0.95,0.0,0.0,0.0,0.0,1.0,0.0,0.0,0,0,2,0,305,0,0,315,0,0.0,0,0,0.0
insects_abrupt_balanced,LOGISTIC REGRESSION,11,0.05,5.0,5.0,0.0,0.5,0.5,0.19344262295081968,0.9615384615384616,26,25,2,1,305,59,5,315,26,8.253968253968255,25,1,0.038461538461538464
insects_abrupt_balanced,LOGISTIC REGRESSION,11,0.1,5.0,5.0,0.0,0.5,0.5,0.14754098360655737,0.9629629629629629,27,26,2,1,305,45,5,315,27,8.571428571428571,26,1,0.037037037037037035
insects_abrupt_balanced,LOGISTIC REGRESSION,11,0.15,5.0,5.0,0.0,0.5,0.5,0.13442622950819672,0.9615384615384616,26,25,2,1,305,41,5,315,26,8.253968253968255,25,1,0.038461538461538464
insects_abrupt_balanced,LOGISTIC REGRESSION,11,0.2,0.0,0.0,0.0,0.0,1.0,0.12786885245901639,1.0,23,23,2,0,305,39,0,315,23,7.301587301587301,23,0,0.0
insects_abrupt_balanced,LOGISTIC REGRESSION,11,0.25,0.0,0.0,0.0,0.0,1.0,0.10491803278688525,1.0,22,22,2,0,305,32,0,315,22,6.984126984126984,22,0,0.0
insects_abrupt_balanced,LOGISTIC REGRESSION,11,0.3,0.0,0.0,0.0,0.0,1.0,0.09508196721311475,1.0,21,21,2,0,305,29,0,315,21,6.666666666666667,21,0,0.0
insects_abrupt_balanced,LOGISTIC REGRESSION,11,0.35,0.0,0.0,0.0,0.0,1.0,0.08524590163934426,1.0,19,19,2,0,305,26,0,315,19,6.031746031746032,19,0,0.0
insects_abrupt_balanced,LOGISTIC REGRESSION,11,0.39999999999999997,0.0,0.0,0.0,0.0,1.0,0.07868852459016394,1.0,17,17,2,0,305,24,0,315,17,5.396825396825397,17,0,0.0
insects_abrupt_balanced,LOGISTIC REGRESSION,11,0.44999999999999996,0.0,0.0,0.0,0.0,1.0,0.07868852459016394,1.0,17,17,2,0,305,24,0,315,17,5.396825396825397,17,0,0.0
insects_abrupt_balanced,LOGISTIC REGRESSION,11,0.49999999999999994,0.0,0.0,0.0,0.0,1.0,0.07540983606557378,1.0,17,17,2,0,305,23,0,315,17,5.396825396825397,17,0,0.0
insects_abrupt_balanced,LOGISTIC REGRESSION,11,0.5499999999999999,0.0,0.0,0.0,0.0,1.0,0.06885245901639345,1.0,17,17,2,0,305,21,0,315,17,5.396825396825397,17,0,0.0
insects_abrupt_balanced,LOGISTIC REGRESSION,11,0.6,0.0,0.0,0.0,0.0,1.0,0.06885245901639345,1.0,17,17,2,0,305,21,0,315,17,5.396825396825397,17,0,0.0
insects_abrupt_balanced,LOGISTIC REGRESSION,11,0.65,0.0,0.0,0.0,0.0,1.0,0.06885245901639345,1.0,17,17,2,0,305,21,0,315,17,5.396825396825397,17,0,0.0
insects_abrupt_balanced,LOGISTIC REGRESSION,11,0.7,0.0,0.0,0.0,0.0,1.0,0.05901639344262295,1.0,16,16,2,0,305,18,0,315,16,5.079365079365079,16,0,0.0
insects_abrupt_balanced,LOGISTIC REGRESSION,11,0.75,0.0,0.0,0.0,0.0,1.0,0.05245901639344262,1.0,14,14,2,0,305,16,0,315,14,4.444444444444445,14,0,0.0
insects_abrupt_balanced,LOGISTIC REGRESSION,11,0.7999999999999999,0.0,0.0,0.0,0.0,1.0,0.04262295081967213,1.0,11,11,2,0,305,13,0,315,11,3.492063492063492,11,0,0.0
insects_abrupt_balanced,LOGISTIC REGRESSION,11,0.85,0.0,0.0,0.0,0.0,1.0,0.029508196721311476,1.0,7,7,2,0,305,9,0,315,7,2.2222222222222223,7,0,0.0
insects_abrupt_balanced,LOGISTIC REGRESSION,11,0.9,0.0,0.0,0.0,0.0,1.0,0.02622950819672131,1.0,6,6,2,0,305,8,0,315,6,1.9047619047619047,6,0,0.0
insects_abrupt_balanced,LOGISTIC REGRESSION,11,0.95,0.0,0.0,0.0,0.0,1.0,0.022950819672131147,1.0,5,5,2,0,305,7,0,315,5,1.5873015873015872,5,0,0.0
insects_abrupt_balanced,LOGISTIC REGRESSION,22,0.05,5.0,5.0,0.0,0.5,0.5,0.19344262295081968,0.9615384615384616,26,25,2,1,305,59,5,315,26,8.253968253968255,25,1,0.038461538461538464
insects_abrupt_balanced,LOGISTIC REGRESSION,22,0.1,5.0,5.0,0.0,0.5,0.5,0.14754098360655737,0.9629629629629629,27,26,2,1,305,45,5,315,27,8.571428571428571,26,1,0.037037037037037035
insects_abrupt_balanced,LOGISTIC REGRESSION,22,0.15,5.0,5.0,0.0,0.5,0.5,0.13442622950819672,0.9615384615384616,26,25,2,1,305,41,5,315,26,8.253968253968255,25,1,0.038461538461538464
insects_abrupt_balanced,LOGISTIC REGRESSION,22,0.2,0.0,0.0,0.0,0.0,1.0,0.12786885245901639,1.0,23,23,2,0,305,39,0,315,23,7.301587301587301,23,0,0.0
insects_abrupt_balanced,LOGISTIC REGRESSION,22,0.25,0.0,0.0,0.0,0.0,1.0,0.10491803278688525,1.0,22,22,2,0,305,32,0,315,22,6.984126984126984,22,0,0.0
insects_abrupt_balanced,LOGISTIC REGRESSION,22,0.3,0.0,0.0,0.0,0.0,1.0,0.09508196721311475,1.0,21,21,2,0,305,29,0,315,21,6.666666666666667,21,0,0.0
insects_abrupt_balanced,LOGISTIC REGRESSION,22,0.35,0.0,0.0,0.0,0.0,1.0,0.08524590163934426,1.0,19,19,2,0,305,26,0,315,19,6.031746031746032,19,0,0.0
insects_abrupt_balanced,LOGISTIC REGRESSION,22,0.39999999999999997,0.0,0.0,0.0,0.0,1.0,0.07868852459016394,1.0,17,17,2,0,305,24,0,315,17,5.396825396825397,17,0,0.0
insects_abrupt_balanced,LOGISTIC REGRESSION,22,0.44999999999999996,0.0,0.0,0.0,0.0,1.0,0.07868852459016394,1.0,17,17,2,0,305,24,0,315,17,5.396825396825397,17,0,0.0
insects_abrupt_balanced,LOGISTIC REGRESSION,22,0.49999999999999994,0.0,0.0,0.0,0.0,1.0,0.07540983606557378,1.0,17,17,2,0,305,23,0,315,17,5.396825396825397,17,0,0.0
insects_abrupt_balanced,LOGISTIC REGRESSION,22,0.5499999999999999,0.0,0.0,0.0,0.0,1.0,0.06885245901639345,1.0,17,17,2,0,305,21,0,315,17,5.396825396825397,17,0,0.0
insects_abrupt_balanced,LOGISTIC REGRESSION,22,0.6,0.0,0.0,0.0,0.0,1.0,0.06885245901639345,1.0,17,17,2,0,305,21,0,315,17,5.396825396825397,17,0,0.0
insects_abrupt_balanced,LOGISTIC REGRESSION,22,0.65,0.0,0.0,0.0,0.0,1.0,0.06885245901639345,1.0,17,17,2,0,305,21,0,315,17,5.396825396825397,17,0,0.0
insects_abrupt_balanced,LOGISTIC REGRESSION,22,0.7,0.0,0.0,0.0,0.0,1.0,0.05901639344262295,1.0,16,16,2,0,305,18,0,315,16,5.079365079365079,16,0,0.0
insects_abrupt_balanced,LOGISTIC REGRESSION,22,0.75,0.0,0.0,0.0,0.0,1.0,0.05245901639344262,1.0,14,14,2,0,305,16,0,315,14,4.444444444444445,14,0,0.0
insects_abrupt_balanced,LOGISTIC REGRESSION,22,0.7999999999999999,0.0,0.0,0.0,0.0,1.0,0.04262295081967213,1.0,11,11,2,0,305,13,0,315,11,3.492063492063492,11,0,0.0
insects_abrupt_balanced,LOGISTIC REGRESSION,22,0.85,0.0,0.0,0.0,0.0,1.0,0.029508196721311476,1.0,7,7,2,0,305,9,0,315,7,2.2222222222222223,7,0,0.0
insects_abrupt_balanced,LOGISTIC REGRESSION,22,0.9,0.0,0.0,0.0,0.0,1.0,0.02622950819672131,1.0,6,6,2,0,305,8,0,315,6,1.9047619047619047,6,0,0.0
insects_abrupt_balanced,LOGISTIC REGRESSION,22,0.95,0.0,0.0,0.0,0.0,1.0,0.022950819672131147,1.0,5,5,2,0,305,7,0,315,5,1.5873015873015872,5,0,0.0
insects_abrupt_balanced,LOGISTIC REGRESSION,33,0.05,5.0,5.0,0.0,0.5,0.5,0.19344262295081968,0.9615384615384616,26,25,2,1,305,59,5,315,26,8.253968253968255,25,1,0.038461538461538464
insects_abrupt_balanced,LOGISTIC REGRESSION,33,0.1,5.0,5.0,0.0,0.5,0.5,0.14754098360655737,0.9629629629629629,27,26,2,1,305,45,5,315,27,8.571428571428571,26,1,0.037037037037037035
insects_abrupt_balanced,LOGISTIC REGRESSION,33,0.15,5.0,5.0,0.0,0.5,0.5,0.13442622950819672,0.9615384615384616,26,25,2,1,305,41,5,315,26,8.253968253968255,25,1,0.038461538461538464
insects_abrupt_balanced,LOGISTIC REGRESSION,33,0.2,0.0,0.0,0.0,0.0,1.0,0.12786885245901639,1.0,23,23,2,0,305,39,0,315,23,7.301587301587301,23,0,0.0
insects_abrupt_balanced,LOGISTIC REGRESSION,33,0.25,0.0,0.0,0.0,0.0,1.0,0.10491803278688525,1.0,22,22,2,0,305,32,0,315,22,6.984126984126984,22,0,0.0
insects_abrupt_balanced,LOGISTIC REGRESSION,33,0.3,0.0,0.0,0.0,0.0,1.0,0.09508196721311475,1.0,21,21,2,0,305,29,0,315,21,6.666666666666667,21,0,0.0
insects_abrupt_balanced,LOGISTIC REGRESSION,33,0.35,0.0,0.0,0.0,0.0,1.0,0.08524590163934426,1.0,19,19,2,0,305,26,0,315,19,6.031746031746032,19,0,0.0
insects_abrupt_balanced,LOGISTIC REGRESSION,33,0.39999999999999997,0.0,0.0,0.0,0.0,1.0,0.07868852459016394,1.0,17,17,2,0,305,24,0,315,17,5.396825396825397,17,0,0.0
insects_abrupt_balanced,LOGISTIC REGRESSION,33,0.44999999999999996,0.0,0.0,0.0,0.0,1.0,0.07868852459016394,1.0,17,17,2,0,305,24,0,315,17,5.396825396825397,17,0,0.0
insects_abrupt_balanced,LOGISTIC REGRESSION,33,0.49999999999999994,0.0,0.0,0.0,0.0,1.0,0.07540983606557378,1.0,17,17,2,0,305,23,0,315,17,5.396825396825397,17,0,0.0
insects_abrupt_balanced,LOGISTIC REGRESSION,33,0.5499999999999999,0.0,0.0,0.0,0.0,1.0,0.06885245901639345,1.0,17,17,2,0,305,21,0,315,17,5.396825396825397,17,0,0.0
insects_abrupt_balanced,LOGISTIC REGRESSION,33,0.6,0.0,0.0,0.0,0.0,1.0,0.06885245901639345,1.0,17,17,2,0,305,21,0,315,17,5.396825396825397,17,0,0.0
insects_abrupt_balanced,LOGISTIC REGRESSION,33,0.65,0.0,0.0,0.0,0.0,1.0,0.06885245901639345,1.0,17,17,2,0,305,21,0,315,17,5.396825396825397,17,0,0.0
insects_abrupt_balanced,LOGISTIC REGRESSION,33,0.7,0.0,0.0,0.0,0.0,1.0,0.05901639344262295,1.0,16,16,2,0,305,18,0,315,16,5.079365079365079,16,0,0.0
insects_abrupt_balanced,LOGISTIC REGRESSION,33,0.75,0.0,0.0,0.0,0.0,1.0,0.05245901639344262,1.0,14,14,2,0,305,16,0,315,14,4.444444444444445,14,0,0.0
insects_abrupt_balanced,LOGISTIC REGRESSION,33,0.7999999999999999,0.0,0.0,0.0,0.0,1.0,0.04262295081967213,1.0,11,11,2,0,305,13,0,315,11,3.492063492063492,11,0,0.0
insects_abrupt_balanced,LOGISTIC REGRESSION,33,0.85,0.0,0.0,0.0,0.0,1.0,0.029508196721311476,1.0,7,7,2,0,305,9,0,315,7,2.2222222222222223,7,0,0.0
insects_abrupt_balanced,LOGISTIC REGRESSION,33,0.9,0.0,0.0,0.0,0.0,1.0,0.02622950819672131,1.0,6,6,2,0,305,8,0,315,6,1.9047619047619047,6,0,0.0
insects_abrupt_balanced,LOGISTIC REGRESSION,33,0.95,0.0,0.0,0.0,0.0,1.0,0.022950819672131147,1.0,5,5,2,0,305,7,0,315,5,1.5873015873015872,5,0,0.0
